hbin,n,n_grvs_mag,n_radial_velocity,n_rv_nb_transits
6.0,1,1,1,1
7.0,1,1,1,1
8.0,1,0,0,0
9.0,4,1,1,1
10.0,9,4,4,4
11.0,22,8,8,8
12.0,50,10,10,10
13.0,69,17,17,17
14.0,129,30,30,30
15.0,228,52,54,54
16.0,380,103,105,105
17.0,603,166,173,173
18.0,924,303,318,318
19.0,1479,541,554,554
20.0,2508,1179,1205,1205
21.0,3951,2829,2924,2924
22.0,6639,5532,5706,5706
23.0,10254,7593,7839,7839
24.0,15209,8296,8594,8594
25.0,22382,12669,13030,13030
26.0,32922,17378,17862,17862
27.0,47100,17393,18032,18032
28.0,65626,58,81,81
29.0,90028,0,0,0
30.0,119273,0,0,0
31.0,156737,0,0,0
32.0,207962,0,0,0
33.0,275857,0,0,0
34.0,332541,0,0,0
35.0,334462,0,0,0
36.0,239819,0,0,0
37.0,102919,0,0,0
38.0,18159,0,0,0
39.0,2362,0,0,0
40.0,68,0,0,0
