cat,gbin,rpbin,n,n_with_colour,n_grvs_mag,n_radial_velocity,n_rv_nb_transits
0.0,11.0,,3,0,0,0,0
0.0,12.0,,30,0,2,14,14
0.0,13.0,,133,0,2,79,79
0.0,14.0,,376,0,10,134,134
0.0,15.0,,980,0,2,11,11
0.0,16.0,,2631,0,0,0,0
0.0,17.0,,7045,0,0,0,0
0.0,18.0,,19383,0,0,0,0
0.0,19.0,,27382,0,0,0,0
0.0,20.0,,791,0,0,0,0
1.0,4.0,4.0,1,1,0,0,0
1.0,5.0,5.0,1,1,0,0,0
1.0,7.0,7.0,3,3,0,0,0
1.0,8.0,8.0,1,1,0,0,0
1.0,10.0,10.0,1,1,0,0,0
1.0,11.0,11.0,1,1,0,0,0
1.0,11.0,12.0,1,1,0,0,0
1.0,12.0,12.0,4,4,0,0,0
1.0,12.0,13.0,2,2,0,0,0
1.0,13.0,13.0,25,25,0,0,0
1.0,13.0,14.0,23,23,0,0,0
1.0,14.0,14.0,130,130,0,0,0
1.0,14.0,15.0,36,36,0,0,0
1.0,15.0,15.0,254,254,0,0,0
1.0,15.0,16.0,63,63,0,0,0
1.0,16.0,16.0,263,263,0,0,0
1.0,16.0,17.0,54,54,0,0,0
1.0,17.0,17.0,232,232,0,0,0
1.0,17.0,18.0,46,46,0,0,0
1.0,18.0,18.0,282,282,0,0,0
1.0,18.0,19.0,106,106,0,0,0
1.0,18.0,20.0,1,1,0,0,0
1.0,19.0,19.0,385,385,0,0,0
1.0,19.0,20.0,178,178,0,0,0
1.0,19.0,21.0,3,3,0,0,0
1.0,20.0,20.0,16,16,0,0,0
2.0,9.0,7.0,1,1,0,0,0
2.0,12.0,10.0,2,2,0,0,0
2.0,12.0,11.0,4,4,0,3,3
2.0,13.0,11.0,3,3,0,2,2
2.0,13.0,12.0,10,10,0,2,2
2.0,14.0,11.0,4,4,1,2,2
2.0,14.0,12.0,35,35,3,11,11
2.0,14.0,13.0,7,7,0,0,0
2.0,15.0,11.0,1,1,0,0,0
2.0,15.0,12.0,8,8,0,0,0
2.0,15.0,13.0,114,114,4,11,11
2.0,15.0,14.0,40,40,1,2,2
2.0,16.0,11.0,1,1,0,0,0
2.0,16.0,12.0,5,5,0,1,1
2.0,16.0,13.0,48,48,0,0,0
2.0,16.0,14.0,574,574,2,3,3
2.0,16.0,15.0,171,171,0,0,0
2.0,17.0,12.0,5,5,0,0,0
2.0,17.0,13.0,41,41,0,0,0
2.0,17.0,14.0,217,217,0,0,0
2.0,17.0,15.0,2168,2168,0,0,0
2.0,17.0,16.0,480,480,0,0,0
2.0,18.0,13.0,16,16,0,0,0
2.0,18.0,14.0,110,110,0,0,0
2.0,18.0,15.0,799,799,0,0,0
2.0,18.0,16.0,7004,7004,0,0,0
2.0,18.0,17.0,1843,1843,0,0,0
2.0,19.0,13.0,3,3,0,0,0
2.0,19.0,14.0,18,18,0,0,0
2.0,19.0,15.0,194,194,0,0,0
2.0,19.0,16.0,1445,1445,0,0,0
2.0,19.0,17.0,14718,14718,0,0,0
2.0,19.0,18.0,2336,2336,0,0,0
2.0,20.0,15.0,2,2,0,0,0
2.0,20.0,16.0,12,12,0,0,0
2.0,20.0,17.0,162,162,0,0,0
2.0,20.0,18.0,332,332,0,0,0
