mbin,cbin,n
3.0,2.0,1
3.0,10.0,1
4.0,-3.0,2
4.0,-2.0,1
4.0,5.0,1
4.0,7.0,1
5.0,-2.0,1
5.0,-1.0,2
5.0,0.0,3
5.0,1.0,3
5.0,2.0,5
5.0,3.0,6
5.0,4.0,2
5.0,6.0,3
5.0,7.0,1
5.0,8.0,2
5.0,9.0,1
5.0,13.0,1
5.0,16.0,1
6.0,-3.0,3
6.0,-2.0,4
6.0,-1.0,8
6.0,0.0,11
6.0,1.0,13
6.0,2.0,5
6.0,3.0,13
6.0,4.0,10
6.0,5.0,16
6.0,6.0,4
6.0,7.0,9
6.0,8.0,6
6.0,9.0,3
6.0,10.0,5
6.0,11.0,3
6.0,12.0,3
6.0,14.0,1
6.0,19.0,1
6.0,23.0,1
7.0,-3.0,1
7.0,-2.0,7
7.0,-1.0,16
7.0,0.0,28
7.0,1.0,34
7.0,2.0,27
7.0,3.0,31
7.0,4.0,28
7.0,5.0,49
7.0,6.0,38
7.0,7.0,31
7.0,8.0,18
7.0,9.0,10
7.0,10.0,5
7.0,11.0,5
7.0,12.0,8
7.0,13.0,6
7.0,14.0,4
7.0,15.0,2
7.0,16.0,3
7.0,17.0,3
7.0,18.0,1
7.0,22.0,1
7.0,23.0,1
8.0,-2.0,4
8.0,-1.0,18
8.0,0.0,66
8.0,1.0,61
8.0,2.0,59
8.0,3.0,95
8.0,4.0,94
8.0,5.0,126
8.0,6.0,125
8.0,7.0,106
8.0,8.0,57
8.0,9.0,37
8.0,10.0,30
8.0,11.0,31
8.0,12.0,20
8.0,13.0,10
8.0,14.0,16
8.0,15.0,13
8.0,16.0,8
8.0,17.0,4
8.0,18.0,1
8.0,20.0,1
8.0,25.0,1
9.0,-2.0,6
9.0,-1.0,23
9.0,0.0,66
9.0,1.0,100
9.0,2.0,156
9.0,3.0,176
9.0,4.0,236
9.0,5.0,304
9.0,6.0,377
9.0,7.0,297
9.0,8.0,203
9.0,9.0,147
9.0,10.0,87
9.0,11.0,64
9.0,12.0,37
9.0,13.0,33
9.0,14.0,31
9.0,15.0,19
9.0,16.0,11
9.0,17.0,5
9.0,18.0,5
9.0,19.0,7
9.0,20.0,3
9.0,21.0,3
9.0,22.0,1
9.0,23.0,1
9.0,25.0,2
9.0,28.0,1
9.0,29.0,1
9.0,30.0,1
10.0,-2.0,1
10.0,-1.0,13
10.0,0.0,35
10.0,1.0,107
10.0,2.0,203
10.0,3.0,375
10.0,4.0,547
10.0,5.0,761
10.0,6.0,985
10.0,7.0,998
10.0,8.0,763
10.0,9.0,495
10.0,10.0,358
10.0,11.0,244
10.0,12.0,179
10.0,13.0,133
10.0,14.0,81
10.0,15.0,48
10.0,16.0,38
10.0,17.0,31
10.0,18.0,13
10.0,19.0,13
10.0,20.0,9
10.0,21.0,6
10.0,22.0,8
10.0,23.0,2
10.0,24.0,4
10.0,25.0,3
10.0,26.0,3
10.0,27.0,1
10.0,28.0,1
10.0,30.0,1
11.0,-2.0,4
11.0,-1.0,10
11.0,0.0,41
11.0,1.0,132
11.0,2.0,299
11.0,3.0,603
11.0,4.0,1017
11.0,5.0,1600
11.0,6.0,2204
11.0,7.0,2638
11.0,8.0,2418
11.0,9.0,1788
11.0,10.0,1247
11.0,11.0,931
11.0,12.0,584
11.0,13.0,395
11.0,14.0,282
11.0,15.0,203
11.0,16.0,146
11.0,17.0,105
11.0,18.0,62
11.0,19.0,43
11.0,20.0,37
11.0,21.0,19
11.0,22.0,25
11.0,23.0,11
11.0,24.0,16
11.0,25.0,9
11.0,26.0,7
11.0,27.0,8
11.0,28.0,4
11.0,29.0,2
11.0,35.0,1
11.0,36.0,1
11.0,,1
12.0,-3.0,3
12.0,-2.0,5
12.0,-1.0,9
12.0,0.0,16
12.0,1.0,88
12.0,2.0,251
12.0,3.0,653
12.0,4.0,1334
12.0,5.0,2333
12.0,6.0,3484
12.0,7.0,4954
12.0,8.0,5697
12.0,9.0,5067
12.0,10.0,3903
12.0,11.0,2807
12.0,12.0,2041
12.0,13.0,1434
12.0,14.0,1024
12.0,15.0,757
12.0,16.0,534
12.0,17.0,362
12.0,18.0,224
12.0,19.0,161
12.0,20.0,124
12.0,21.0,84
12.0,22.0,84
12.0,23.0,50
12.0,24.0,41
12.0,25.0,15
12.0,26.0,13
12.0,27.0,12
12.0,28.0,10
12.0,29.0,7
12.0,30.0,4
12.0,32.0,4
12.0,,2
13.0,-4.0,1
13.0,-3.0,7
13.0,-2.0,19
13.0,-1.0,9
13.0,0.0,21
13.0,1.0,56
13.0,2.0,224
13.0,3.0,646
13.0,4.0,1348
13.0,5.0,2808
13.0,6.0,4638
13.0,7.0,7206
13.0,8.0,9878
13.0,9.0,10757
13.0,10.0,9918
13.0,11.0,8274
13.0,12.0,6497
13.0,13.0,4771
13.0,14.0,3648
13.0,15.0,2630
13.0,16.0,1939
13.0,17.0,1351
13.0,18.0,1007
13.0,19.0,672
13.0,20.0,494
13.0,21.0,337
13.0,22.0,254
13.0,23.0,168
13.0,24.0,120
13.0,25.0,76
13.0,26.0,68
13.0,27.0,53
13.0,28.0,30
13.0,29.0,29
13.0,30.0,8
13.0,31.0,14
13.0,32.0,7
13.0,33.0,9
13.0,34.0,3
13.0,35.0,3
13.0,36.0,1
13.0,37.0,1
13.0,40.0,3
13.0,41.0,1
13.0,43.0,1
13.0,44.0,1
13.0,,16
