mbin,tbin,n
3.0,9.0,1
3.0,35.0,1
4.0,13.0,1
4.0,31.0,1
4.0,37.0,1
4.0,46.0,1
4.0,,1
5.0,11.0,4
5.0,12.0,3
5.0,13.0,2
5.0,14.0,1
5.0,15.0,4
5.0,16.0,1
5.0,17.0,1
5.0,18.0,1
5.0,27.0,1
5.0,30.0,3
5.0,32.0,1
5.0,,9
6.0,7.0,1
6.0,10.0,2
6.0,11.0,8
6.0,12.0,7
6.0,13.0,13
6.0,14.0,7
6.0,15.0,4
6.0,16.0,1
6.0,17.0,3
6.0,19.0,3
6.0,20.0,8
6.0,21.0,2
6.0,22.0,2
6.0,23.0,3
6.0,24.0,3
6.0,25.0,2
6.0,27.0,2
6.0,30.0,1
6.0,31.0,1
6.0,32.0,1
6.0,33.0,2
6.0,34.0,2
6.0,38.0,1
6.0,39.0,1
6.0,41.0,1
6.0,46.0,1
6.0,59.0,1
6.0,,36
7.0,9.0,5
7.0,10.0,6
7.0,11.0,19
7.0,12.0,32
7.0,13.0,41
7.0,14.0,15
7.0,15.0,16
7.0,16.0,5
7.0,17.0,3
7.0,18.0,6
7.0,19.0,11
7.0,20.0,8
7.0,21.0,5
7.0,22.0,5
7.0,23.0,5
7.0,24.0,5
7.0,25.0,2
7.0,26.0,3
7.0,28.0,2
7.0,29.0,2
7.0,30.0,7
7.0,31.0,2
7.0,33.0,2
7.0,34.0,3
7.0,35.0,2
7.0,36.0,1
7.0,38.0,1
7.0,39.0,1
7.0,40.0,4
7.0,42.0,3
7.0,43.0,1
7.0,45.0,2
7.0,46.0,1
7.0,47.0,1
7.0,50.0,1
7.0,52.0,1
7.0,59.0,1
7.0,65.0,1
7.0,,126
8.0,8.0,2
8.0,9.0,19
8.0,10.0,18
8.0,11.0,71
8.0,12.0,136
8.0,13.0,113
8.0,14.0,65
8.0,15.0,58
8.0,16.0,12
8.0,17.0,7
8.0,18.0,18
8.0,19.0,26
8.0,20.0,23
8.0,21.0,19
8.0,22.0,16
8.0,23.0,9
8.0,24.0,9
8.0,25.0,7
8.0,26.0,8
8.0,27.0,7
8.0,28.0,3
8.0,29.0,5
8.0,30.0,7
8.0,31.0,2
8.0,32.0,6
8.0,33.0,3
8.0,34.0,6
8.0,36.0,4
8.0,37.0,6
8.0,38.0,1
8.0,39.0,6
8.0,40.0,4
8.0,41.0,6
8.0,42.0,1
8.0,43.0,2
8.0,44.0,1
8.0,45.0,1
8.0,47.0,1
8.0,50.0,1
8.0,57.0,1
8.0,,273
9.0,8.0,3
9.0,9.0,26
9.0,10.0,69
9.0,11.0,224
9.0,12.0,352
9.0,13.0,244
9.0,14.0,210
9.0,15.0,118
9.0,16.0,39
9.0,17.0,25
9.0,18.0,57
9.0,19.0,53
9.0,20.0,52
9.0,21.0,23
9.0,22.0,24
9.0,23.0,23
9.0,24.0,18
9.0,25.0,13
9.0,26.0,17
9.0,27.0,5
9.0,28.0,9
9.0,29.0,7
9.0,30.0,21
9.0,31.0,8
9.0,32.0,12
9.0,33.0,9
9.0,34.0,7
9.0,35.0,3
9.0,36.0,6
9.0,37.0,13
9.0,38.0,8
9.0,39.0,8
9.0,40.0,4
9.0,41.0,2
9.0,42.0,3
9.0,43.0,2
9.0,44.0,2
9.0,45.0,1
9.0,46.0,4
9.0,47.0,4
9.0,49.0,1
9.0,51.0,1
9.0,55.0,1
9.0,67.0,1
9.0,,671
10.0,6.0,1
10.0,7.0,5
10.0,8.0,14
10.0,9.0,113
10.0,10.0,277
10.0,11.0,826
10.0,12.0,965
10.0,13.0,676
10.0,14.0,584
10.0,15.0,316
10.0,16.0,92
10.0,17.0,90
10.0,18.0,119
10.0,19.0,118
10.0,20.0,85
10.0,21.0,46
10.0,22.0,37
10.0,23.0,42
10.0,24.0,43
10.0,25.0,21
10.0,26.0,30
10.0,27.0,16
10.0,28.0,15
10.0,29.0,7
10.0,30.0,78
10.0,31.0,17
10.0,32.0,29
10.0,33.0,14
10.0,34.0,11
10.0,35.0,15
10.0,36.0,18
10.0,37.0,16
10.0,38.0,6
10.0,39.0,12
10.0,40.0,12
10.0,41.0,8
10.0,42.0,4
10.0,43.0,3
10.0,44.0,2
10.0,45.0,1
10.0,46.0,1
10.0,47.0,1
10.0,48.0,1
10.0,49.0,1
10.0,50.0,1
10.0,55.0,1
10.0,59.0,1
10.0,64.0,1
10.0,,1667
11.0,6.0,6
11.0,7.0,19
11.0,8.0,57
11.0,9.0,365
11.0,10.0,821
11.0,11.0,2612
11.0,12.0,2725
11.0,13.0,1667
11.0,14.0,1494
11.0,15.0,797
11.0,16.0,242
11.0,17.0,266
11.0,18.0,312
11.0,19.0,313
11.0,20.0,184
11.0,21.0,111
11.0,22.0,116
11.0,23.0,96
11.0,24.0,93
11.0,25.0,72
11.0,26.0,45
11.0,27.0,37
11.0,28.0,38
11.0,29.0,12
11.0,30.0,178
11.0,31.0,39
11.0,32.0,42
11.0,33.0,23
11.0,34.0,26
11.0,35.0,23
11.0,36.0,18
11.0,37.0,17
11.0,38.0,15
11.0,39.0,10
11.0,40.0,8
11.0,41.0,7
11.0,42.0,4
11.0,43.0,2
11.0,44.0,3
11.0,45.0,4
11.0,46.0,2
11.0,47.0,3
11.0,48.0,1
11.0,49.0,1
11.0,50.0,1
11.0,55.0,1
11.0,57.0,1
11.0,64.0,2
11.0,65.0,1
11.0,70.0,1
11.0,,3960
12.0,6.0,8
12.0,7.0,53
12.0,8.0,169
12.0,9.0,1072
12.0,10.0,2772
12.0,11.0,7074
12.0,12.0,5914
12.0,13.0,3745
12.0,14.0,3367
12.0,15.0,1618
12.0,16.0,566
12.0,17.0,533
12.0,18.0,735
12.0,19.0,650
12.0,20.0,361
12.0,21.0,218
12.0,22.0,188
12.0,23.0,142
12.0,24.0,145
12.0,25.0,109
12.0,26.0,99
12.0,27.0,78
12.0,28.0,68
12.0,29.0,25
12.0,30.0,260
12.0,31.0,53
12.0,32.0,40
12.0,33.0,27
12.0,34.0,29
12.0,35.0,20
12.0,36.0,9
12.0,37.0,8
12.0,38.0,7
12.0,39.0,15
12.0,40.0,6
12.0,41.0,4
12.0,42.0,1
12.0,44.0,2
12.0,46.0,3
12.0,47.0,1
12.0,49.0,3
12.0,51.0,1
12.0,54.0,1
12.0,55.0,1
12.0,57.0,1
12.0,58.0,1
12.0,62.0,1
12.0,64.0,1
12.0,,7387
13.0,6.0,50
13.0,7.0,221
13.0,8.0,623
13.0,9.0,3451
13.0,10.0,7658
13.0,11.0,17255
13.0,12.0,11138
13.0,13.0,8000
13.0,14.0,7275
13.0,15.0,3813
13.0,16.0,1433
13.0,17.0,1453
13.0,18.0,1961
13.0,19.0,1427
13.0,20.0,701
13.0,21.0,402
13.0,22.0,300
13.0,23.0,201
13.0,24.0,168
13.0,25.0,114
13.0,26.0,102
13.0,27.0,56
13.0,28.0,74
13.0,29.0,23
13.0,30.0,286
13.0,31.0,27
13.0,32.0,23
13.0,33.0,22
13.0,34.0,14
13.0,35.0,14
13.0,36.0,7
13.0,37.0,5
13.0,38.0,8
13.0,39.0,16
13.0,40.0,2
13.0,41.0,3
13.0,42.0,1
13.0,43.0,3
13.0,44.0,1
13.0,46.0,1
13.0,47.0,3
13.0,48.0,8
13.0,50.0,1
13.0,51.0,2
13.0,54.0,1
13.0,55.0,1
13.0,56.0,2
13.0,57.0,1
13.0,59.0,1
13.0,60.0,1
13.0,62.0,1
13.0,75.0,1
13.0,76.0,1
13.0,,11666
