mbin,pbin,n
3.0,-3.0,1
3.0,11.0,1
4.0,-3.0,1
4.0,1.0,1
4.0,3.0,1
4.0,6.0,1
4.0,17.0,1
5.0,-6.0,1
5.0,-3.0,1
5.0,-2.0,1
5.0,-1.0,1
5.0,0.0,3
5.0,1.0,5
5.0,2.0,4
5.0,3.0,2
5.0,4.0,3
5.0,5.0,3
5.0,6.0,1
5.0,7.0,2
5.0,8.0,1
5.0,9.0,1
5.0,10.0,1
5.0,14.0,1
6.0,-6.0,4
6.0,-5.0,4
6.0,-4.0,4
6.0,-3.0,9
6.0,-2.0,4
6.0,-1.0,9
6.0,0.0,11
6.0,1.0,6
6.0,2.0,7
6.0,3.0,9
6.0,4.0,12
6.0,5.0,8
6.0,6.0,6
6.0,7.0,7
6.0,8.0,1
6.0,9.0,6
6.0,10.0,1
6.0,11.0,1
6.0,12.0,2
6.0,14.0,1
6.0,15.0,1
6.0,16.0,1
6.0,17.0,3
6.0,21.0,1
6.0,23.0,1
7.0,-7.0,1
7.0,-6.0,5
7.0,-5.0,10
7.0,-4.0,25
7.0,-3.0,8
7.0,-2.0,16
7.0,-1.0,19
7.0,0.0,24
7.0,1.0,30
7.0,2.0,28
7.0,3.0,24
7.0,4.0,28
7.0,5.0,22
7.0,6.0,29
7.0,7.0,19
7.0,8.0,11
7.0,9.0,9
7.0,10.0,8
7.0,11.0,8
7.0,12.0,3
7.0,13.0,4
7.0,14.0,5
7.0,15.0,2
7.0,16.0,3
7.0,17.0,2
7.0,18.0,2
7.0,19.0,6
7.0,20.0,3
7.0,21.0,1
7.0,22.0,1
7.0,23.0,1
8.0,-7.0,9
8.0,-6.0,24
8.0,-5.0,40
8.0,-4.0,54
8.0,-3.0,44
8.0,-2.0,59
8.0,-1.0,64
8.0,0.0,74
8.0,1.0,84
8.0,2.0,81
8.0,3.0,80
8.0,4.0,71
8.0,5.0,56
8.0,6.0,49
8.0,7.0,43
8.0,8.0,33
8.0,9.0,23
8.0,10.0,20
8.0,11.0,21
8.0,12.0,8
8.0,13.0,8
8.0,14.0,10
8.0,15.0,7
8.0,16.0,4
8.0,17.0,4
8.0,18.0,3
8.0,19.0,2
8.0,20.0,2
8.0,21.0,2
8.0,22.0,4
9.0,-7.0,21
9.0,-6.0,64
9.0,-5.0,133
9.0,-4.0,151
9.0,-3.0,131
9.0,-2.0,164
9.0,-1.0,185
9.0,0.0,190
9.0,1.0,196
9.0,2.0,199
9.0,3.0,218
9.0,4.0,150
9.0,5.0,125
9.0,6.0,123
9.0,7.0,92
9.0,8.0,48
9.0,9.0,44
9.0,10.0,33
9.0,11.0,26
9.0,12.0,30
9.0,13.0,12
9.0,14.0,11
9.0,15.0,15
9.0,16.0,7
9.0,17.0,8
9.0,18.0,5
9.0,19.0,3
9.0,20.0,5
9.0,21.0,2
9.0,22.0,7
9.0,23.0,4
9.0,24.0,1
10.0,-7.0,50
10.0,-6.0,210
10.0,-5.0,523
10.0,-4.0,503
10.0,-3.0,426
10.0,-2.0,470
10.0,-1.0,509
10.0,0.0,515
10.0,1.0,476
10.0,2.0,539
10.0,3.0,477
10.0,4.0,404
10.0,5.0,330
10.0,6.0,226
10.0,7.0,203
10.0,8.0,128
10.0,9.0,109
10.0,10.0,80
10.0,11.0,74
10.0,12.0,56
10.0,13.0,33
10.0,14.0,29
10.0,15.0,21
10.0,16.0,17
10.0,17.0,18
10.0,18.0,6
10.0,19.0,11
10.0,20.0,5
10.0,21.0,4
10.0,22.0,6
10.0,27.0,1
11.0,-7.0,203
11.0,-6.0,712
11.0,-5.0,1475
11.0,-4.0,1567
11.0,-3.0,1198
11.0,-2.0,1182
11.0,-1.0,1202
11.0,0.0,1231
11.0,1.0,1231
11.0,2.0,1242
11.0,3.0,1171
11.0,4.0,1020
11.0,5.0,811
11.0,6.0,637
11.0,7.0,488
11.0,8.0,332
11.0,9.0,259
11.0,10.0,239
11.0,11.0,186
11.0,12.0,125
11.0,13.0,97
11.0,14.0,90
11.0,15.0,68
11.0,16.0,41
11.0,17.0,24
11.0,18.0,14
11.0,19.0,19
11.0,20.0,8
11.0,21.0,9
11.0,22.0,4
11.0,23.0,1
11.0,24.0,2
11.0,25.0,3
11.0,26.0,1
11.0,27.0,1
12.0,-7.0,529
12.0,-6.0,2164
12.0,-5.0,4451
12.0,-4.0,3668
12.0,-3.0,2753
12.0,-2.0,2781
12.0,-1.0,2679
12.0,0.0,2586
12.0,1.0,2552
12.0,2.0,2529
12.0,3.0,2212
12.0,4.0,1930
12.0,5.0,1554
12.0,6.0,1196
12.0,7.0,875
12.0,8.0,671
12.0,9.0,541
12.0,10.0,459
12.0,11.0,419
12.0,12.0,292
12.0,13.0,192
12.0,14.0,168
12.0,15.0,147
12.0,16.0,71
12.0,17.0,53
12.0,18.0,32
12.0,19.0,41
12.0,20.0,15
12.0,21.0,7
12.0,22.0,13
12.0,23.0,4
12.0,24.0,3
12.0,25.0,4
13.0,-7.0,1283
13.0,-6.0,6083
13.0,-5.0,10810
13.0,-4.0,8583
13.0,-3.0,6106
13.0,-2.0,6136
13.0,-1.0,5843
13.0,0.0,5233
13.0,1.0,4934
13.0,2.0,4775
13.0,3.0,4184
13.0,4.0,3645
13.0,5.0,2935
13.0,6.0,2223
13.0,7.0,1625
13.0,8.0,1254
13.0,9.0,898
13.0,10.0,826
13.0,11.0,709
13.0,12.0,510
13.0,13.0,342
13.0,14.0,330
13.0,15.0,212
13.0,16.0,171
13.0,17.0,117
13.0,18.0,61
13.0,19.0,85
13.0,20.0,30
13.0,21.0,21
13.0,22.0,34
13.0,23.0,5
13.0,24.0,9
13.0,25.0,10
14.0,-7.0,3242
14.0,-6.0,14266
14.0,-5.0,24039
14.0,-4.0,18767
14.0,-3.0,12588
14.0,-2.0,11694
14.0,-1.0,10797
14.0,0.0,9177
14.0,1.0,8541
14.0,2.0,7893
14.0,3.0,7092
14.0,4.0,6140
14.0,5.0,4868
14.0,6.0,3659
14.0,7.0,2808
14.0,8.0,2104
14.0,9.0,1761
14.0,10.0,1435
14.0,11.0,1247
14.0,12.0,912
14.0,13.0,628
14.0,14.0,649
14.0,15.0,438
14.0,16.0,286
14.0,17.0,220
14.0,18.0,92
14.0,19.0,137
14.0,20.0,63
14.0,21.0,45
14.0,22.0,34
14.0,23.0,6
14.0,24.0,6
14.0,25.0,16
14.0,26.0,3
14.0,27.0,1
15.0,-7.0,7642
15.0,-6.0,31077
15.0,-5.0,47959
15.0,-4.0,35140
15.0,-3.0,22200
15.0,-2.0,19695
15.0,-1.0,18322
15.0,0.0,15381
15.0,1.0,13584
15.0,2.0,12094
15.0,3.0,10612
15.0,4.0,9087
15.0,5.0,7166
15.0,6.0,5919
15.0,7.0,4515
15.0,8.0,3452
15.0,9.0,2750
15.0,10.0,2246
15.0,11.0,1983
15.0,12.0,1347
15.0,13.0,981
15.0,14.0,995
15.0,15.0,676
15.0,16.0,364
15.0,17.0,254
15.0,18.0,131
15.0,19.0,171
15.0,20.0,111
15.0,21.0,64
15.0,22.0,50
15.0,23.0,13
15.0,24.0,6
15.0,25.0,18
15.0,26.0,3
15.0,27.0,2
16.0,-7.0,17590
16.0,-6.0,64245
16.0,-5.0,88674
16.0,-4.0,61386
16.0,-3.0,39212
16.0,-2.0,33183
16.0,-1.0,29067
16.0,0.0,23590
16.0,1.0,20434
16.0,2.0,17755
16.0,3.0,16051
16.0,4.0,13708
16.0,5.0,11338
16.0,6.0,9948
16.0,7.0,7687
16.0,8.0,6129
16.0,9.0,5207
16.0,10.0,4243
16.0,11.0,3826
16.0,12.0,2746
16.0,13.0,1971
16.0,14.0,2073
16.0,15.0,1549
16.0,16.0,688
16.0,17.0,479
16.0,18.0,231
16.0,19.0,297
16.0,20.0,268
16.0,21.0,110
16.0,22.0,67
16.0,23.0,19
16.0,24.0,23
16.0,25.0,17
16.0,26.0,3
16.0,27.0,5
17.0,-7.0,33283
17.0,-6.0,110026
17.0,-5.0,137148
17.0,-4.0,88498
17.0,-3.0,47643
17.0,-2.0,34462
17.0,-1.0,30746
17.0,0.0,25092
17.0,1.0,21985
17.0,2.0,18974
17.0,3.0,17512
17.0,4.0,15357
17.0,5.0,12815
17.0,6.0,13479
17.0,7.0,10810
17.0,8.0,8712
17.0,9.0,8404
17.0,10.0,6916
17.0,11.0,5854
17.0,12.0,4942
17.0,13.0,3650
17.0,14.0,4213
17.0,15.0,3043
17.0,16.0,1131
17.0,17.0,788
17.0,18.0,268
17.0,19.0,366
17.0,20.0,560
17.0,21.0,126
17.0,22.0,115
17.0,23.0,25
17.0,24.0,18
17.0,25.0,28
17.0,26.0,8
17.0,27.0,4
17.0,28.0,2
18.0,-7.0,25136
18.0,-6.0,84851
18.0,-5.0,83187
18.0,-4.0,39303
18.0,-3.0,18111
18.0,-2.0,12383
18.0,-1.0,10917
18.0,0.0,8811
18.0,1.0,7645
18.0,2.0,6644
18.0,3.0,6074
18.0,4.0,5249
18.0,5.0,4391
18.0,6.0,4982
18.0,7.0,4129
18.0,8.0,3344
18.0,9.0,3275
18.0,10.0,2895
18.0,11.0,2488
18.0,12.0,2158
18.0,13.0,1831
18.0,14.0,2054
18.0,15.0,1334
18.0,16.0,525
18.0,17.0,360
18.0,18.0,116
18.0,19.0,135
18.0,20.0,238
18.0,21.0,52
18.0,22.0,72
18.0,23.0,16
18.0,24.0,14
18.0,25.0,12
18.0,26.0,3
18.0,27.0,3
19.0,-7.0,1238
19.0,-6.0,4777
19.0,-5.0,3819
19.0,-4.0,1840
19.0,-3.0,1169
19.0,-2.0,1014
19.0,-1.0,1037
19.0,0.0,850
19.0,1.0,813
19.0,2.0,637
19.0,3.0,547
19.0,4.0,497
19.0,5.0,405
19.0,6.0,386
19.0,7.0,324
19.0,8.0,240
19.0,9.0,214
19.0,10.0,144
19.0,11.0,149
19.0,12.0,112
19.0,13.0,77
19.0,14.0,80
19.0,15.0,52
19.0,16.0,37
19.0,17.0,22
19.0,18.0,5
19.0,19.0,14
19.0,20.0,5
19.0,21.0,3
19.0,22.0,9
19.0,23.0,1
19.0,24.0,2
19.0,25.0,2
20.0,-7.0,4
20.0,-6.0,5
20.0,-5.0,1
20.0,-4.0,5
20.0,-3.0,11
20.0,-2.0,7
20.0,-1.0,7
20.0,0.0,6
20.0,1.0,2
20.0,2.0,2
20.0,3.0,2
20.0,4.0,2
20.0,5.0,1
20.0,6.0,1
20.0,7.0,2
20.0,9.0,4
20.0,10.0,1
20.0,11.0,3
20.0,13.0,2
