npar,model_type,cls,n
4,ELLIPSOIDAL,12.0,36227
5,ONEGAUSSIAN,10.0,36984
6,ONEGAUSSIAN_WITH_ELLIPSOIDAL,11.0,48215
8,TWOGAUSSIANS,1.0,277114
8,TWOGAUSSIANS,2.0,827276
8,TWOGAUSSIANS,3.0,22747
8,TWOGAUSSIANS,4.0,79764
8,TWOGAUSSIANS,5.0,141760
8,TWOGAUSSIANS,6.0,239265
9,TWOGAUSSIANS_WITH_ELLIPSOIDAL_ON_ECLIPSE1,7.0,139264
9,TWOGAUSSIANS_WITH_ELLIPSOIDAL_ON_ECLIPSE1,8.0,224598
9,TWOGAUSSIANS_WITH_ELLIPSOIDAL_ON_ECLIPSE1,9.0,25863
9,TWOGAUSSIANS_WITH_ELLIPSOIDAL_ON_ECLIPSE2,7.0,23366
9,TWOGAUSSIANS_WITH_ELLIPSOIDAL_ON_ECLIPSE2,8.0,40678
9,TWOGAUSSIANS_WITH_ELLIPSOIDAL_ON_ECLIPSE2,9.0,21356
