mbin,pbin,cls,n
3.0,-2.0,4.0,1
3.0,5.0,8.0,1
4.0,-2.0,2.0,1
4.0,0.0,8.0,1
4.0,1.0,7.0,1
4.0,3.0,8.0,1
4.0,8.0,10.0,1
5.0,-3.0,11.0,1
5.0,-2.0,11.0,1
5.0,-1.0,8.0,2
5.0,0.0,2.0,1
5.0,0.0,6.0,1
5.0,0.0,7.0,5
5.0,0.0,11.0,1
5.0,1.0,1.0,1
5.0,1.0,7.0,3
5.0,1.0,9.0,1
5.0,1.0,11.0,1
5.0,2.0,1.0,2
5.0,2.0,2.0,1
5.0,2.0,7.0,3
5.0,3.0,1.0,1
5.0,3.0,2.0,1
5.0,3.0,5.0,1
5.0,4.0,1.0,1
5.0,4.0,5.0,1
5.0,5.0,2.0,1
5.0,7.0,6.0,1
6.0,-3.0,2.0,3
6.0,-3.0,3.0,1
6.0,-3.0,5.0,2
6.0,-3.0,6.0,1
6.0,-3.0,8.0,1
6.0,-2.0,2.0,2
6.0,-2.0,3.0,1
6.0,-2.0,4.0,1
6.0,-2.0,5.0,1
6.0,-2.0,8.0,6
6.0,-2.0,11.0,1
6.0,-2.0,12.0,1
6.0,-1.0,2.0,4
6.0,-1.0,4.0,1
6.0,-1.0,7.0,3
6.0,-1.0,8.0,3
6.0,-1.0,10.0,1
6.0,-1.0,11.0,1
6.0,0.0,1.0,2
6.0,0.0,2.0,3
6.0,0.0,5.0,3
6.0,0.0,6.0,1
6.0,0.0,7.0,4
6.0,0.0,9.0,1
6.0,0.0,10.0,2
6.0,0.0,11.0,1
6.0,1.0,1.0,1
6.0,1.0,2.0,1
6.0,1.0,7.0,7
6.0,1.0,10.0,2
6.0,1.0,11.0,3
6.0,1.0,12.0,2
6.0,2.0,1.0,4
6.0,2.0,2.0,1
6.0,2.0,6.0,2
6.0,2.0,7.0,8
6.0,2.0,9.0,3
6.0,2.0,10.0,2
6.0,3.0,1.0,2
6.0,3.0,2.0,1
6.0,3.0,4.0,1
6.0,3.0,5.0,1
6.0,3.0,7.0,2
6.0,3.0,9.0,1
6.0,3.0,10.0,2
6.0,3.0,11.0,3
6.0,4.0,1.0,2
6.0,4.0,2.0,1
6.0,4.0,9.0,1
6.0,4.0,10.0,1
6.0,4.0,11.0,2
6.0,5.0,4.0,2
6.0,6.0,6.0,1
6.0,6.0,8.0,1
6.0,7.0,1.0,1
6.0,7.0,3.0,1
6.0,8.0,1.0,1
6.0,8.0,3.0,1
6.0,8.0,6.0,2
6.0,10.0,1.0,1
6.0,11.0,5.0,1
7.0,-4.0,5.0,1
7.0,-3.0,2.0,3
7.0,-3.0,4.0,1
7.0,-3.0,5.0,1
7.0,-3.0,7.0,1
7.0,-3.0,8.0,9
7.0,-2.0,1.0,2
7.0,-2.0,2.0,9
7.0,-2.0,3.0,1
7.0,-2.0,4.0,1
7.0,-2.0,5.0,2
7.0,-2.0,6.0,1
7.0,-2.0,7.0,3
7.0,-2.0,8.0,12
7.0,-2.0,10.0,1
7.0,-2.0,11.0,1
7.0,-1.0,2.0,9
7.0,-1.0,3.0,1
7.0,-1.0,6.0,2
7.0,-1.0,7.0,11
7.0,-1.0,8.0,6
7.0,-1.0,10.0,3
7.0,-1.0,11.0,2
7.0,-1.0,12.0,1
7.0,0.0,1.0,2
7.0,0.0,2.0,9
7.0,0.0,5.0,3
7.0,0.0,6.0,1
7.0,0.0,7.0,23
7.0,0.0,8.0,6
7.0,0.0,9.0,2
7.0,0.0,10.0,2
7.0,0.0,11.0,5
7.0,0.0,12.0,1
7.0,1.0,1.0,2
7.0,1.0,2.0,6
7.0,1.0,3.0,1
7.0,1.0,4.0,1
7.0,1.0,5.0,1
7.0,1.0,6.0,3
7.0,1.0,7.0,26
7.0,1.0,8.0,1
7.0,1.0,9.0,2
7.0,1.0,10.0,4
7.0,1.0,11.0,3
7.0,1.0,12.0,2
7.0,2.0,1.0,10
7.0,2.0,2.0,2
7.0,2.0,4.0,1
7.0,2.0,5.0,4
7.0,2.0,6.0,1
7.0,2.0,7.0,24
7.0,2.0,8.0,2
7.0,2.0,9.0,3
7.0,2.0,10.0,1
7.0,2.0,11.0,2
7.0,3.0,1.0,9
7.0,3.0,2.0,3
7.0,3.0,4.0,5
7.0,3.0,5.0,2
7.0,3.0,6.0,3
7.0,3.0,7.0,11
7.0,3.0,8.0,4
7.0,3.0,9.0,6
7.0,3.0,10.0,4
7.0,3.0,11.0,1
7.0,4.0,1.0,3
7.0,4.0,2.0,1
7.0,4.0,3.0,1
7.0,4.0,4.0,3
7.0,4.0,5.0,1
7.0,4.0,6.0,3
7.0,4.0,7.0,3
7.0,4.0,8.0,3
7.0,4.0,9.0,1
7.0,4.0,11.0,1
7.0,5.0,1.0,1
7.0,5.0,2.0,2
7.0,5.0,4.0,2
7.0,5.0,5.0,2
7.0,5.0,6.0,1
7.0,5.0,7.0,2
7.0,5.0,8.0,1
7.0,5.0,9.0,4
7.0,5.0,11.0,1
7.0,6.0,2.0,1
7.0,6.0,4.0,1
7.0,6.0,5.0,1
7.0,6.0,7.0,1
7.0,6.0,8.0,2
7.0,6.0,9.0,1
7.0,7.0,1.0,1
7.0,7.0,3.0,1
7.0,7.0,4.0,1
7.0,7.0,5.0,1
7.0,7.0,6.0,1
7.0,7.0,7.0,1
7.0,7.0,8.0,1
7.0,8.0,1.0,1
7.0,8.0,3.0,1
7.0,8.0,9.0,2
7.0,8.0,11.0,1
7.0,9.0,5.0,1
7.0,9.0,6.0,2
7.0,9.0,7.0,1
7.0,9.0,9.0,3
7.0,9.0,11.0,1
7.0,10.0,1.0,2
7.0,10.0,2.0,1
7.0,10.0,9.0,1
7.0,11.0,2.0,1
7.0,11.0,8.0,1
8.0,-4.0,1.0,3
8.0,-4.0,2.0,2
8.0,-4.0,4.0,1
8.0,-4.0,5.0,1
8.0,-4.0,6.0,1
8.0,-4.0,9.0,1
8.0,-3.0,1.0,1
8.0,-3.0,2.0,18
8.0,-3.0,4.0,2
8.0,-3.0,5.0,2
8.0,-3.0,7.0,7
8.0,-3.0,8.0,28
8.0,-3.0,9.0,5
8.0,-3.0,11.0,1
8.0,-2.0,1.0,1
8.0,-2.0,2.0,39
8.0,-2.0,3.0,7
8.0,-2.0,4.0,1
8.0,-2.0,5.0,3
8.0,-2.0,6.0,1
8.0,-2.0,7.0,12
8.0,-2.0,8.0,29
8.0,-2.0,9.0,2
8.0,-2.0,10.0,1
8.0,-2.0,11.0,2
8.0,-1.0,1.0,2
8.0,-1.0,2.0,31
8.0,-1.0,3.0,4
8.0,-1.0,4.0,4
8.0,-1.0,5.0,2
8.0,-1.0,6.0,2
8.0,-1.0,7.0,40
8.0,-1.0,8.0,19
8.0,-1.0,9.0,3
8.0,-1.0,10.0,6
8.0,-1.0,11.0,10
8.0,0.0,1.0,16
8.0,0.0,2.0,19
8.0,0.0,3.0,1
8.0,0.0,4.0,4
8.0,0.0,5.0,7
8.0,0.0,6.0,6
8.0,0.0,7.0,70
8.0,0.0,8.0,10
8.0,0.0,9.0,7
8.0,0.0,10.0,6
8.0,0.0,11.0,11
8.0,0.0,12.0,1
8.0,1.0,1.0,26
8.0,1.0,2.0,9
8.0,1.0,3.0,5
8.0,1.0,4.0,3
8.0,1.0,5.0,6
8.0,1.0,6.0,1
8.0,1.0,7.0,80
8.0,1.0,8.0,9
8.0,1.0,9.0,4
8.0,1.0,10.0,13
8.0,1.0,11.0,5
8.0,2.0,1.0,20
8.0,2.0,2.0,8
8.0,2.0,4.0,5
8.0,2.0,5.0,6
8.0,2.0,6.0,2
8.0,2.0,7.0,55
8.0,2.0,8.0,7
8.0,2.0,9.0,4
8.0,2.0,10.0,8
8.0,2.0,11.0,12
8.0,3.0,1.0,18
8.0,3.0,2.0,10
8.0,3.0,3.0,2
8.0,3.0,4.0,3
8.0,3.0,5.0,5
8.0,3.0,7.0,28
8.0,3.0,8.0,7
8.0,3.0,9.0,9
8.0,3.0,10.0,2
8.0,3.0,11.0,6
8.0,3.0,12.0,2
8.0,4.0,1.0,8
8.0,4.0,2.0,2
8.0,4.0,3.0,1
8.0,4.0,4.0,4
8.0,4.0,5.0,2
8.0,4.0,6.0,5
8.0,4.0,7.0,13
8.0,4.0,8.0,2
8.0,4.0,9.0,11
8.0,4.0,10.0,6
8.0,4.0,11.0,2
8.0,5.0,1.0,5
8.0,5.0,2.0,2
8.0,5.0,4.0,5
8.0,5.0,5.0,3
8.0,5.0,6.0,3
8.0,5.0,7.0,10
8.0,5.0,8.0,2
8.0,5.0,9.0,4
8.0,5.0,10.0,5
8.0,5.0,11.0,2
8.0,6.0,1.0,2
8.0,6.0,2.0,1
8.0,6.0,3.0,1
8.0,6.0,4.0,2
8.0,6.0,5.0,3
8.0,6.0,7.0,2
8.0,6.0,9.0,3
8.0,6.0,10.0,2
8.0,7.0,1.0,3
8.0,7.0,2.0,3
8.0,7.0,4.0,1
8.0,7.0,5.0,1
8.0,7.0,7.0,3
8.0,7.0,8.0,1
8.0,7.0,9.0,3
8.0,7.0,10.0,1
8.0,7.0,11.0,1
8.0,8.0,2.0,2
8.0,8.0,5.0,3
8.0,8.0,7.0,1
8.0,8.0,8.0,1
8.0,8.0,9.0,1
8.0,9.0,2.0,1
8.0,9.0,3.0,1
8.0,9.0,4.0,2
8.0,9.0,8.0,1
8.0,10.0,1.0,1
8.0,10.0,2.0,1
8.0,10.0,5.0,1
8.0,10.0,9.0,1
8.0,11.0,2.0,1
8.0,11.0,9.0,1
8.0,11.0,11.0,1
8.0,11.0,12.0,1
9.0,-4.0,1.0,6
9.0,-4.0,4.0,4
9.0,-4.0,5.0,2
9.0,-4.0,8.0,5
9.0,-4.0,9.0,1
9.0,-4.0,10.0,2
9.0,-4.0,11.0,1
9.0,-3.0,1.0,7
9.0,-3.0,2.0,63
9.0,-3.0,3.0,4
9.0,-3.0,4.0,6
9.0,-3.0,5.0,3
9.0,-3.0,6.0,3
9.0,-3.0,7.0,17
9.0,-3.0,8.0,79
9.0,-3.0,9.0,6
9.0,-3.0,10.0,4
9.0,-3.0,11.0,5
9.0,-2.0,1.0,1
9.0,-2.0,2.0,117
9.0,-2.0,3.0,11
9.0,-2.0,4.0,4
9.0,-2.0,5.0,7
9.0,-2.0,6.0,6
9.0,-2.0,7.0,29
9.0,-2.0,8.0,91
9.0,-2.0,9.0,3
9.0,-2.0,10.0,3
9.0,-2.0,11.0,8
9.0,-2.0,12.0,2
9.0,-1.0,1.0,6
9.0,-1.0,2.0,100
9.0,-1.0,3.0,14
9.0,-1.0,4.0,3
9.0,-1.0,5.0,10
9.0,-1.0,6.0,10
9.0,-1.0,7.0,96
9.0,-1.0,8.0,57
9.0,-1.0,9.0,10
9.0,-1.0,10.0,17
9.0,-1.0,11.0,23
9.0,-1.0,12.0,3
9.0,0.0,1.0,38
9.0,0.0,2.0,44
9.0,0.0,3.0,10
9.0,0.0,4.0,3
9.0,0.0,5.0,16
9.0,0.0,6.0,11
9.0,0.0,7.0,156
9.0,0.0,8.0,34
9.0,0.0,9.0,17
9.0,0.0,10.0,29
9.0,0.0,11.0,25
9.0,0.0,12.0,3
9.0,1.0,1.0,46
9.0,1.0,2.0,20
9.0,1.0,3.0,4
9.0,1.0,4.0,14
9.0,1.0,5.0,17
9.0,1.0,6.0,8
9.0,1.0,7.0,211
9.0,1.0,8.0,15
9.0,1.0,9.0,19
9.0,1.0,10.0,29
9.0,1.0,11.0,30
9.0,1.0,12.0,4
9.0,2.0,1.0,33
9.0,2.0,2.0,11
9.0,2.0,4.0,10
9.0,2.0,5.0,12
9.0,2.0,6.0,8
9.0,2.0,7.0,120
9.0,2.0,8.0,10
9.0,2.0,9.0,19
9.0,2.0,10.0,16
9.0,2.0,11.0,33
9.0,2.0,12.0,3
9.0,3.0,1.0,37
9.0,3.0,2.0,8
9.0,3.0,3.0,3
9.0,3.0,4.0,16
9.0,3.0,5.0,2
9.0,3.0,6.0,6
9.0,3.0,7.0,71
9.0,3.0,8.0,13
9.0,3.0,9.0,24
9.0,3.0,10.0,19
9.0,3.0,11.0,15
9.0,3.0,12.0,1
9.0,4.0,1.0,15
9.0,4.0,2.0,5
9.0,4.0,4.0,11
9.0,4.0,5.0,6
9.0,4.0,6.0,4
9.0,4.0,7.0,17
9.0,4.0,8.0,1
9.0,4.0,9.0,11
9.0,4.0,10.0,10
9.0,4.0,11.0,12
9.0,5.0,1.0,7
9.0,5.0,2.0,4
9.0,5.0,3.0,1
9.0,5.0,4.0,5
9.0,5.0,5.0,5
9.0,5.0,6.0,3
9.0,5.0,7.0,8
9.0,5.0,8.0,5
9.0,5.0,9.0,9
9.0,5.0,10.0,6
9.0,5.0,11.0,5
9.0,5.0,12.0,1
9.0,6.0,1.0,5
9.0,6.0,2.0,2
9.0,6.0,4.0,3
9.0,6.0,5.0,4
9.0,6.0,6.0,3
9.0,6.0,7.0,6
9.0,6.0,8.0,5
9.0,6.0,9.0,8
9.0,6.0,10.0,4
9.0,6.0,11.0,1
9.0,6.0,12.0,1
9.0,7.0,1.0,3
9.0,7.0,2.0,2
9.0,7.0,4.0,1
9.0,7.0,5.0,4
9.0,7.0,6.0,5
9.0,7.0,7.0,5
9.0,7.0,8.0,2
9.0,7.0,9.0,3
9.0,7.0,11.0,1
9.0,8.0,2.0,1
9.0,8.0,4.0,3
9.0,8.0,5.0,4
9.0,8.0,6.0,1
9.0,8.0,7.0,2
9.0,8.0,8.0,1
9.0,8.0,9.0,2
9.0,8.0,10.0,1
9.0,9.0,2.0,1
9.0,9.0,4.0,1
9.0,9.0,5.0,1
9.0,9.0,6.0,3
9.0,9.0,11.0,1
9.0,9.0,12.0,1
9.0,10.0,1.0,1
9.0,10.0,2.0,1
9.0,10.0,4.0,2
9.0,10.0,5.0,2
9.0,10.0,9.0,1
9.0,11.0,2.0,1
9.0,11.0,3.0,1
9.0,11.0,4.0,2
9.0,11.0,5.0,1
9.0,11.0,9.0,4
9.0,11.0,11.0,1
9.0,11.0,12.0,1
9.0,12.0,9.0,1
10.0,-4.0,1.0,8
10.0,-4.0,2.0,5
10.0,-4.0,3.0,1
10.0,-4.0,4.0,3
10.0,-4.0,5.0,4
10.0,-4.0,6.0,7
10.0,-4.0,7.0,1
10.0,-4.0,8.0,8
10.0,-4.0,9.0,6
10.0,-4.0,10.0,5
10.0,-4.0,11.0,2
10.0,-3.0,1.0,12
10.0,-3.0,2.0,230
10.0,-3.0,3.0,34
10.0,-3.0,4.0,3
10.0,-3.0,5.0,10
10.0,-3.0,6.0,10
10.0,-3.0,7.0,50
10.0,-3.0,8.0,354
10.0,-3.0,9.0,10
10.0,-3.0,10.0,2
10.0,-3.0,11.0,16
10.0,-3.0,12.0,2
10.0,-2.0,1.0,15
10.0,-2.0,2.0,338
10.0,-2.0,3.0,56
10.0,-2.0,4.0,9
10.0,-2.0,5.0,20
10.0,-2.0,6.0,15
10.0,-2.0,7.0,95
10.0,-2.0,8.0,327
10.0,-2.0,9.0,15
10.0,-2.0,10.0,8
10.0,-2.0,11.0,25
10.0,-2.0,12.0,6
10.0,-1.0,1.0,46
10.0,-1.0,2.0,269
10.0,-1.0,3.0,72
10.0,-1.0,4.0,13
10.0,-1.0,5.0,38
10.0,-1.0,6.0,13
10.0,-1.0,7.0,267
10.0,-1.0,8.0,139
10.0,-1.0,9.0,28
10.0,-1.0,10.0,27
10.0,-1.0,11.0,46
10.0,-1.0,12.0,21
10.0,0.0,1.0,78
10.0,0.0,2.0,116
10.0,0.0,3.0,43
10.0,0.0,4.0,15
10.0,0.0,5.0,41
10.0,0.0,6.0,31
10.0,0.0,7.0,419
10.0,0.0,8.0,56
10.0,0.0,9.0,45
10.0,0.0,10.0,53
10.0,0.0,11.0,70
10.0,0.0,12.0,24
10.0,1.0,1.0,132
10.0,1.0,2.0,68
10.0,1.0,3.0,16
10.0,1.0,4.0,34
10.0,1.0,5.0,53
10.0,1.0,6.0,38
10.0,1.0,7.0,440
10.0,1.0,8.0,20
10.0,1.0,9.0,62
10.0,1.0,10.0,66
10.0,1.0,11.0,76
10.0,1.0,12.0,11
10.0,2.0,1.0,121
10.0,2.0,2.0,33
10.0,2.0,3.0,14
10.0,2.0,4.0,31
10.0,2.0,5.0,41
10.0,2.0,6.0,23
10.0,2.0,7.0,288
10.0,2.0,8.0,16
10.0,2.0,9.0,59
10.0,2.0,10.0,43
10.0,2.0,11.0,60
10.0,2.0,12.0,5
10.0,3.0,1.0,84
10.0,3.0,2.0,19
10.0,3.0,3.0,7
10.0,3.0,4.0,38
10.0,3.0,5.0,13
10.0,3.0,6.0,16
10.0,3.0,7.0,125
10.0,3.0,8.0,10
10.0,3.0,9.0,43
10.0,3.0,10.0,31
10.0,3.0,11.0,37
10.0,3.0,12.0,6
10.0,4.0,1.0,57
10.0,4.0,2.0,12
10.0,4.0,3.0,7
10.0,4.0,4.0,22
10.0,4.0,5.0,15
10.0,4.0,6.0,9
10.0,4.0,7.0,42
10.0,4.0,8.0,5
10.0,4.0,9.0,21
10.0,4.0,10.0,30
10.0,4.0,11.0,12
10.0,4.0,12.0,5
10.0,5.0,1.0,17
10.0,5.0,2.0,17
10.0,5.0,3.0,8
10.0,5.0,4.0,13
10.0,5.0,5.0,9
10.0,5.0,6.0,13
10.0,5.0,7.0,18
10.0,5.0,8.0,12
10.0,5.0,9.0,18
10.0,5.0,10.0,14
10.0,5.0,11.0,10
10.0,5.0,12.0,5
10.0,6.0,1.0,10
10.0,6.0,2.0,7
10.0,6.0,3.0,6
10.0,6.0,4.0,17
10.0,6.0,5.0,3
10.0,6.0,6.0,4
10.0,6.0,7.0,15
10.0,6.0,8.0,3
10.0,6.0,9.0,13
10.0,6.0,10.0,2
10.0,6.0,11.0,8
10.0,6.0,12.0,1
10.0,7.0,1.0,12
10.0,7.0,2.0,4
10.0,7.0,3.0,2
10.0,7.0,4.0,6
10.0,7.0,5.0,7
10.0,7.0,6.0,3
10.0,7.0,7.0,2
10.0,7.0,8.0,1
10.0,7.0,9.0,8
10.0,7.0,10.0,3
10.0,7.0,11.0,1
10.0,7.0,12.0,1
10.0,8.0,1.0,1
10.0,8.0,2.0,4
10.0,8.0,4.0,6
10.0,8.0,5.0,3
10.0,8.0,6.0,4
10.0,8.0,7.0,4
10.0,8.0,9.0,6
10.0,8.0,10.0,5
10.0,8.0,12.0,2
10.0,9.0,4.0,2
10.0,9.0,5.0,2
10.0,9.0,6.0,2
10.0,9.0,7.0,1
10.0,9.0,9.0,5
10.0,9.0,10.0,2
10.0,9.0,11.0,3
10.0,10.0,1.0,4
10.0,10.0,3.0,1
10.0,10.0,4.0,1
10.0,10.0,7.0,1
10.0,10.0,9.0,2
10.0,11.0,1.0,1
10.0,11.0,2.0,3
10.0,11.0,6.0,1
10.0,11.0,12.0,1
10.0,13.0,11.0,1
11.0,-4.0,1.0,24
11.0,-4.0,2.0,21
11.0,-4.0,3.0,6
11.0,-4.0,4.0,24
11.0,-4.0,5.0,19
11.0,-4.0,6.0,27
11.0,-4.0,7.0,18
11.0,-4.0,8.0,29
11.0,-4.0,9.0,22
11.0,-4.0,10.0,8
11.0,-4.0,11.0,5
11.0,-3.0,1.0,33
11.0,-3.0,2.0,759
11.0,-3.0,3.0,128
11.0,-3.0,4.0,12
11.0,-3.0,5.0,34
11.0,-3.0,6.0,50
11.0,-3.0,7.0,189
11.0,-3.0,8.0,899
11.0,-3.0,9.0,34
11.0,-3.0,10.0,10
11.0,-3.0,11.0,29
11.0,-3.0,12.0,10
11.0,-2.0,1.0,62
11.0,-2.0,2.0,1032
11.0,-2.0,3.0,196
11.0,-2.0,4.0,36
11.0,-2.0,5.0,81
11.0,-2.0,6.0,57
11.0,-2.0,7.0,315
11.0,-2.0,8.0,778
11.0,-2.0,9.0,66
11.0,-2.0,10.0,39
11.0,-2.0,11.0,78
11.0,-2.0,12.0,25
11.0,-1.0,1.0,100
11.0,-1.0,2.0,664
11.0,-1.0,3.0,157
11.0,-1.0,4.0,24
11.0,-1.0,5.0,68
11.0,-1.0,6.0,64
11.0,-1.0,7.0,694
11.0,-1.0,8.0,307
11.0,-1.0,9.0,69
11.0,-1.0,10.0,70
11.0,-1.0,11.0,116
11.0,-1.0,12.0,51
11.0,0.0,1.0,175
11.0,0.0,2.0,366
11.0,0.0,3.0,138
11.0,0.0,4.0,40
11.0,0.0,5.0,99
11.0,0.0,6.0,74
11.0,0.0,7.0,1025
11.0,0.0,8.0,118
11.0,0.0,9.0,90
11.0,0.0,10.0,109
11.0,0.0,11.0,173
11.0,0.0,12.0,55
11.0,1.0,1.0,292
11.0,1.0,2.0,180
11.0,1.0,3.0,96
11.0,1.0,4.0,68
11.0,1.0,5.0,127
11.0,1.0,6.0,65
11.0,1.0,7.0,1066
11.0,1.0,8.0,46
11.0,1.0,9.0,125
11.0,1.0,10.0,126
11.0,1.0,11.0,180
11.0,1.0,12.0,42
11.0,2.0,1.0,279
11.0,2.0,2.0,104
11.0,2.0,3.0,47
11.0,2.0,4.0,107
11.0,2.0,5.0,93
11.0,2.0,6.0,54
11.0,2.0,7.0,713
11.0,2.0,8.0,24
11.0,2.0,9.0,124
11.0,2.0,10.0,110
11.0,2.0,11.0,143
11.0,2.0,12.0,33
11.0,3.0,1.0,182
11.0,3.0,2.0,63
11.0,3.0,3.0,34
11.0,3.0,4.0,108
11.0,3.0,5.0,53
11.0,3.0,6.0,37
11.0,3.0,7.0,332
11.0,3.0,8.0,15
11.0,3.0,9.0,131
11.0,3.0,10.0,73
11.0,3.0,11.0,80
11.0,3.0,12.0,17
11.0,4.0,1.0,76
11.0,4.0,2.0,41
11.0,4.0,3.0,23
11.0,4.0,4.0,74
11.0,4.0,5.0,38
11.0,4.0,6.0,27
11.0,4.0,7.0,103
11.0,4.0,8.0,17
11.0,4.0,9.0,93
11.0,4.0,10.0,39
11.0,4.0,11.0,42
11.0,4.0,12.0,18
11.0,5.0,1.0,47
11.0,5.0,2.0,34
11.0,5.0,3.0,11
11.0,5.0,4.0,57
11.0,5.0,5.0,33
11.0,5.0,6.0,28
11.0,5.0,7.0,43
11.0,5.0,8.0,20
11.0,5.0,9.0,73
11.0,5.0,10.0,30
11.0,5.0,11.0,40
11.0,5.0,12.0,9
11.0,6.0,1.0,28
11.0,6.0,2.0,17
11.0,6.0,3.0,9
11.0,6.0,4.0,33
11.0,6.0,5.0,19
11.0,6.0,6.0,21
11.0,6.0,7.0,20
11.0,6.0,8.0,8
11.0,6.0,9.0,39
11.0,6.0,10.0,11
11.0,6.0,11.0,14
11.0,6.0,12.0,3
11.0,7.0,1.0,16
11.0,7.0,2.0,16
11.0,7.0,3.0,3
11.0,7.0,4.0,27
11.0,7.0,5.0,16
11.0,7.0,6.0,24
11.0,7.0,7.0,6
11.0,7.0,8.0,7
11.0,7.0,9.0,24
11.0,7.0,10.0,8
11.0,7.0,11.0,9
11.0,7.0,12.0,2
11.0,8.0,1.0,7
11.0,8.0,2.0,2
11.0,8.0,3.0,1
11.0,8.0,4.0,12
11.0,8.0,5.0,2
11.0,8.0,6.0,6
11.0,8.0,7.0,3
11.0,8.0,8.0,2
11.0,8.0,9.0,10
11.0,8.0,10.0,9
11.0,8.0,11.0,10
11.0,8.0,12.0,1
11.0,9.0,1.0,5
11.0,9.0,4.0,8
11.0,9.0,6.0,4
11.0,9.0,7.0,4
11.0,9.0,9.0,7
11.0,9.0,10.0,1
11.0,9.0,11.0,4
11.0,10.0,1.0,4
11.0,10.0,2.0,1
11.0,10.0,5.0,1
11.0,10.0,6.0,1
11.0,10.0,9.0,5
11.0,10.0,10.0,1
11.0,10.0,11.0,3
11.0,10.0,12.0,1
11.0,11.0,7.0,2
11.0,11.0,9.0,2
11.0,11.0,11.0,1
11.0,12.0,4.0,3
11.0,12.0,9.0,2
11.0,13.0,4.0,1
11.0,13.0,9.0,1
12.0,-4.0,1.0,60
12.0,-4.0,2.0,99
12.0,-4.0,3.0,4
12.0,-4.0,4.0,61
12.0,-4.0,5.0,39
12.0,-4.0,6.0,41
12.0,-4.0,7.0,40
12.0,-4.0,8.0,98
12.0,-4.0,9.0,44
12.0,-4.0,10.0,28
12.0,-4.0,11.0,13
12.0,-4.0,12.0,2
12.0,-3.0,1.0,92
12.0,-3.0,2.0,2356
12.0,-3.0,3.0,365
12.0,-3.0,4.0,48
12.0,-3.0,5.0,81
12.0,-3.0,6.0,103
12.0,-3.0,7.0,460
12.0,-3.0,8.0,2876
12.0,-3.0,9.0,66
12.0,-3.0,10.0,39
12.0,-3.0,11.0,94
12.0,-3.0,12.0,35
12.0,-2.0,1.0,147
12.0,-2.0,2.0,2493
12.0,-2.0,3.0,435
12.0,-2.0,4.0,63
12.0,-2.0,5.0,127
12.0,-2.0,6.0,130
12.0,-2.0,7.0,743
12.0,-2.0,8.0,1873
12.0,-2.0,9.0,94
12.0,-2.0,10.0,78
12.0,-2.0,11.0,169
12.0,-2.0,12.0,69
12.0,-1.0,1.0,237
12.0,-1.0,2.0,1666
12.0,-1.0,3.0,367
12.0,-1.0,4.0,86
12.0,-1.0,5.0,161
12.0,-1.0,6.0,147
12.0,-1.0,7.0,1518
12.0,-1.0,8.0,663
12.0,-1.0,9.0,125
12.0,-1.0,10.0,143
12.0,-1.0,11.0,239
12.0,-1.0,12.0,108
12.0,0.0,1.0,425
12.0,0.0,2.0,717
12.0,0.0,3.0,221
12.0,0.0,4.0,114
12.0,0.0,5.0,229
12.0,0.0,6.0,180
12.0,0.0,7.0,2037
12.0,0.0,8.0,221
12.0,0.0,9.0,206
12.0,0.0,10.0,281
12.0,0.0,11.0,384
12.0,0.0,12.0,123
12.0,1.0,1.0,599
12.0,1.0,2.0,311
12.0,1.0,3.0,137
12.0,1.0,4.0,167
12.0,1.0,5.0,258
12.0,1.0,6.0,132
12.0,1.0,7.0,2069
12.0,1.0,8.0,59
12.0,1.0,9.0,265
12.0,1.0,10.0,293
12.0,1.0,11.0,368
12.0,1.0,12.0,83
12.0,2.0,1.0,590
12.0,2.0,2.0,130
12.0,2.0,3.0,58
12.0,2.0,4.0,235
12.0,2.0,5.0,152
12.0,2.0,6.0,118
12.0,2.0,7.0,1356
12.0,2.0,8.0,26
12.0,2.0,9.0,272
12.0,2.0,10.0,216
12.0,2.0,11.0,295
12.0,2.0,12.0,36
12.0,3.0,1.0,425
12.0,3.0,2.0,117
12.0,3.0,3.0,53
12.0,3.0,4.0,187
12.0,3.0,5.0,111
12.0,3.0,6.0,83
12.0,3.0,7.0,562
12.0,3.0,8.0,26
12.0,3.0,9.0,174
12.0,3.0,10.0,135
12.0,3.0,11.0,153
12.0,3.0,12.0,45
12.0,4.0,1.0,223
12.0,4.0,2.0,76
12.0,4.0,3.0,27
12.0,4.0,4.0,181
12.0,4.0,5.0,87
12.0,4.0,6.0,56
12.0,4.0,7.0,197
12.0,4.0,8.0,17
12.0,4.0,9.0,158
12.0,4.0,10.0,78
12.0,4.0,11.0,78
12.0,4.0,12.0,34
12.0,5.0,1.0,111
12.0,5.0,2.0,60
12.0,5.0,3.0,29
12.0,5.0,4.0,152
12.0,5.0,5.0,60
12.0,5.0,6.0,54
12.0,5.0,7.0,87
12.0,5.0,8.0,29
12.0,5.0,9.0,135
12.0,5.0,10.0,69
12.0,5.0,11.0,66
12.0,5.0,12.0,26
12.0,6.0,1.0,59
12.0,6.0,2.0,36
12.0,6.0,3.0,10
12.0,6.0,4.0,79
12.0,6.0,5.0,42
12.0,6.0,6.0,48
12.0,6.0,7.0,40
12.0,6.0,8.0,16
12.0,6.0,9.0,82
12.0,6.0,10.0,29
12.0,6.0,11.0,31
12.0,6.0,12.0,12
12.0,7.0,1.0,33
12.0,7.0,2.0,28
12.0,7.0,3.0,4
12.0,7.0,4.0,53
12.0,7.0,5.0,29
12.0,7.0,6.0,48
12.0,7.0,7.0,18
12.0,7.0,8.0,5
12.0,7.0,9.0,46
12.0,7.0,10.0,28
12.0,7.0,11.0,16
12.0,7.0,12.0,7
12.0,8.0,1.0,12
12.0,8.0,2.0,8
12.0,8.0,3.0,3
12.0,8.0,4.0,23
12.0,8.0,5.0,7
12.0,8.0,6.0,10
12.0,8.0,7.0,6
12.0,8.0,8.0,2
12.0,8.0,9.0,31
12.0,8.0,10.0,8
12.0,8.0,11.0,9
12.0,8.0,12.0,5
12.0,9.0,1.0,7
12.0,9.0,2.0,2
12.0,9.0,4.0,19
12.0,9.0,5.0,6
12.0,9.0,6.0,3
12.0,9.0,7.0,5
12.0,9.0,8.0,2
12.0,9.0,9.0,13
12.0,9.0,10.0,11
12.0,9.0,11.0,5
12.0,10.0,1.0,1
12.0,10.0,2.0,4
12.0,10.0,4.0,3
12.0,10.0,5.0,2
12.0,10.0,6.0,1
12.0,10.0,7.0,2
12.0,10.0,9.0,6
12.0,10.0,10.0,1
12.0,10.0,11.0,2
12.0,11.0,1.0,3
12.0,11.0,4.0,2
12.0,11.0,5.0,3
12.0,11.0,6.0,1
12.0,11.0,7.0,1
12.0,11.0,9.0,4
12.0,11.0,10.0,1
12.0,11.0,11.0,2
12.0,12.0,1.0,1
12.0,12.0,3.0,1
12.0,12.0,4.0,1
12.0,12.0,6.0,1
12.0,12.0,9.0,2
12.0,12.0,10.0,1
13.0,-4.0,1.0,143
13.0,-4.0,2.0,209
13.0,-4.0,3.0,23
13.0,-4.0,4.0,95
13.0,-4.0,5.0,78
13.0,-4.0,6.0,94
13.0,-4.0,7.0,103
13.0,-4.0,8.0,339
13.0,-4.0,9.0,105
13.0,-4.0,10.0,70
13.0,-4.0,11.0,21
13.0,-4.0,12.0,3
13.0,-3.0,1.0,233
13.0,-3.0,2.0,5944
13.0,-3.0,3.0,872
13.0,-3.0,4.0,120
13.0,-3.0,5.0,257
13.0,-3.0,6.0,248
13.0,-3.0,7.0,1117
13.0,-3.0,8.0,7410
13.0,-3.0,9.0,205
13.0,-3.0,10.0,87
13.0,-3.0,11.0,241
13.0,-3.0,12.0,159
13.0,-2.0,1.0,402
13.0,-2.0,2.0,5733
13.0,-2.0,3.0,784
13.0,-2.0,4.0,159
13.0,-2.0,5.0,347
13.0,-2.0,6.0,328
13.0,-2.0,7.0,1813
13.0,-2.0,8.0,4120
13.0,-2.0,9.0,246
13.0,-2.0,10.0,190
13.0,-2.0,11.0,370
13.0,-2.0,12.0,197
13.0,-1.0,1.0,733
13.0,-1.0,2.0,3672
13.0,-1.0,3.0,534
13.0,-1.0,4.0,165
13.0,-1.0,5.0,374
13.0,-1.0,6.0,305
13.0,-1.0,7.0,3412
13.0,-1.0,8.0,1429
13.0,-1.0,9.0,268
13.0,-1.0,10.0,323
13.0,-1.0,11.0,528
13.0,-1.0,12.0,236
13.0,0.0,1.0,1049
13.0,0.0,2.0,1337
13.0,0.0,3.0,321
13.0,0.0,4.0,263
13.0,0.0,5.0,461
13.0,0.0,6.0,298
13.0,0.0,7.0,4130
13.0,0.0,8.0,446
13.0,0.0,9.0,407
13.0,0.0,10.0,517
13.0,0.0,11.0,697
13.0,0.0,12.0,241
13.0,1.0,1.0,1377
13.0,1.0,2.0,441
13.0,1.0,3.0,149
13.0,1.0,4.0,373
13.0,1.0,5.0,451
13.0,1.0,6.0,253
13.0,1.0,7.0,3876
13.0,1.0,8.0,87
13.0,1.0,9.0,478
13.0,1.0,10.0,681
13.0,1.0,11.0,677
13.0,1.0,12.0,116
13.0,2.0,1.0,1336
13.0,2.0,2.0,242
13.0,2.0,3.0,41
13.0,2.0,4.0,525
13.0,2.0,5.0,326
13.0,2.0,6.0,198
13.0,2.0,7.0,2453
13.0,2.0,8.0,43
13.0,2.0,9.0,471
13.0,2.0,10.0,424
13.0,2.0,11.0,477
13.0,2.0,12.0,44
13.0,3.0,1.0,954
13.0,3.0,2.0,136
13.0,3.0,3.0,30
13.0,3.0,4.0,483
13.0,3.0,5.0,226
13.0,3.0,6.0,139
13.0,3.0,7.0,962
13.0,3.0,8.0,47
13.0,3.0,9.0,347
13.0,3.0,10.0,258
13.0,3.0,11.0,205
13.0,3.0,12.0,61
13.0,4.0,1.0,472
13.0,4.0,2.0,120
13.0,4.0,3.0,30
13.0,4.0,4.0,367
13.0,4.0,5.0,123
13.0,4.0,6.0,102
13.0,4.0,7.0,291
13.0,4.0,8.0,46
13.0,4.0,9.0,270
13.0,4.0,10.0,173
13.0,4.0,11.0,125
13.0,4.0,12.0,33
13.0,5.0,1.0,225
13.0,5.0,2.0,98
13.0,5.0,3.0,24
13.0,5.0,4.0,318
13.0,5.0,5.0,130
13.0,5.0,6.0,95
13.0,5.0,7.0,120
13.0,5.0,8.0,34
13.0,5.0,9.0,227
13.0,5.0,10.0,130
13.0,5.0,11.0,106
13.0,5.0,12.0,28
13.0,6.0,1.0,106
13.0,6.0,2.0,40
13.0,6.0,3.0,9
13.0,6.0,4.0,159
13.0,6.0,5.0,87
13.0,6.0,6.0,88
13.0,6.0,7.0,59
13.0,6.0,8.0,18
13.0,6.0,9.0,161
13.0,6.0,10.0,63
13.0,6.0,11.0,46
13.0,6.0,12.0,16
13.0,7.0,1.0,59
13.0,7.0,2.0,48
13.0,7.0,3.0,3
13.0,7.0,4.0,89
13.0,7.0,5.0,57
13.0,7.0,6.0,75
13.0,7.0,7.0,26
13.0,7.0,8.0,5
13.0,7.0,9.0,104
13.0,7.0,10.0,38
13.0,7.0,11.0,29
13.0,7.0,12.0,9
13.0,8.0,1.0,37
13.0,8.0,2.0,15
13.0,8.0,3.0,2
13.0,8.0,4.0,67
13.0,8.0,5.0,25
13.0,8.0,6.0,22
13.0,8.0,7.0,24
13.0,8.0,8.0,4
13.0,8.0,9.0,51
13.0,8.0,10.0,24
13.0,8.0,11.0,12
13.0,8.0,12.0,5
13.0,9.0,1.0,11
13.0,9.0,2.0,5
13.0,9.0,3.0,1
13.0,9.0,4.0,35
13.0,9.0,5.0,12
13.0,9.0,6.0,12
13.0,9.0,7.0,6
13.0,9.0,9.0,40
13.0,9.0,10.0,14
13.0,9.0,11.0,8
13.0,9.0,12.0,2
13.0,10.0,1.0,9
13.0,10.0,2.0,2
13.0,10.0,4.0,4
13.0,10.0,5.0,6
13.0,10.0,6.0,5
13.0,10.0,7.0,1
13.0,10.0,9.0,17
13.0,10.0,10.0,5
13.0,10.0,11.0,2
13.0,11.0,1.0,8
13.0,11.0,2.0,2
13.0,11.0,4.0,9
13.0,11.0,5.0,3
13.0,11.0,6.0,2
13.0,11.0,7.0,3
13.0,11.0,9.0,5
13.0,11.0,10.0,3
13.0,11.0,11.0,4
13.0,12.0,1.0,5
13.0,12.0,2.0,1
13.0,12.0,4.0,3
13.0,12.0,5.0,1
13.0,12.0,9.0,5
13.0,12.0,10.0,2
13.0,12.0,11.0,2
