cls,dpbin,dsbin,n
1.0,0.0,0.0,308
1.0,1.0,0.0,291
1.0,1.0,1.0,138
1.0,2.0,0.0,187
1.0,2.0,1.0,134
1.0,2.0,2.0,81
1.0,3.0,0.0,99
1.0,3.0,1.0,66
1.0,3.0,2.0,70
1.0,3.0,3.0,62
1.0,4.0,0.0,74
1.0,4.0,1.0,32
1.0,4.0,2.0,47
1.0,4.0,3.0,51
1.0,4.0,4.0,38
1.0,5.0,0.0,55
1.0,5.0,1.0,13
1.0,5.0,2.0,16
1.0,5.0,3.0,19
1.0,5.0,4.0,42
1.0,5.0,5.0,29
1.0,6.0,0.0,32
1.0,6.0,1.0,18
1.0,6.0,2.0,12
1.0,6.0,3.0,18
1.0,6.0,4.0,21
1.0,6.0,5.0,28
1.0,6.0,6.0,14
1.0,7.0,0.0,20
1.0,7.0,1.0,6
1.0,7.0,2.0,3
1.0,7.0,3.0,10
1.0,7.0,4.0,11
1.0,7.0,5.0,7
1.0,7.0,6.0,5
1.0,7.0,7.0,4
1.0,8.0,0.0,11
1.0,8.0,1.0,11
1.0,8.0,2.0,9
1.0,8.0,3.0,6
1.0,8.0,4.0,6
1.0,8.0,5.0,2
1.0,8.0,6.0,1
1.0,8.0,7.0,2
1.0,8.0,8.0,1
1.0,9.0,0.0,9
1.0,9.0,1.0,6
1.0,9.0,2.0,5
1.0,9.0,3.0,4
1.0,9.0,4.0,2
1.0,9.0,6.0,2
1.0,9.0,9.0,1
1.0,10.0,0.0,6
1.0,10.0,1.0,8
1.0,10.0,2.0,7
1.0,10.0,3.0,2
1.0,10.0,4.0,1
1.0,10.0,6.0,2
1.0,11.0,0.0,6
1.0,11.0,1.0,1
1.0,11.0,2.0,1
1.0,11.0,5.0,1
1.0,11.0,6.0,2
1.0,11.0,7.0,2
1.0,12.0,0.0,3
1.0,12.0,1.0,2
1.0,12.0,2.0,1
1.0,12.0,3.0,2
1.0,12.0,4.0,1
1.0,12.0,6.0,1
1.0,12.0,8.0,1
1.0,12.0,12.0,1
1.0,13.0,0.0,5
1.0,13.0,1.0,1
1.0,13.0,2.0,2
1.0,13.0,3.0,3
1.0,13.0,5.0,1
1.0,14.0,0.0,5
1.0,14.0,1.0,6
1.0,14.0,2.0,1
1.0,14.0,9.0,1
1.0,15.0,0.0,4
1.0,15.0,1.0,2
1.0,15.0,5.0,1
1.0,16.0,0.0,3
1.0,16.0,1.0,1
1.0,16.0,12.0,2
1.0,17.0,0.0,1
1.0,17.0,1.0,2
1.0,17.0,3.0,1
1.0,17.0,16.0,1
1.0,18.0,0.0,3
1.0,18.0,1.0,2
1.0,18.0,2.0,1
1.0,18.0,4.0,1
1.0,18.0,9.0,1
1.0,19.0,0.0,1
1.0,19.0,1.0,2
1.0,19.0,3.0,1
1.0,19.0,5.0,1
1.0,19.0,11.0,1
1.0,19.0,15.0,1
1.0,20.0,4.0,1
1.0,20.0,5.0,1
1.0,21.0,0.0,3
1.0,21.0,2.0,1
1.0,21.0,4.0,1
1.0,22.0,0.0,3
1.0,22.0,1.0,1
1.0,22.0,7.0,1
1.0,23.0,1.0,1
1.0,24.0,0.0,1
1.0,24.0,17.0,1
1.0,25.0,4.0,1
1.0,26.0,0.0,1
1.0,26.0,2.0,1
1.0,27.0,0.0,1
1.0,27.0,5.0,1
1.0,28.0,0.0,1
1.0,28.0,1.0,1
1.0,28.0,3.0,1
1.0,29.0,0.0,1
1.0,30.0,0.0,1
1.0,30.0,9.0,1
1.0,31.0,0.0,1
1.0,31.0,15.0,1
1.0,32.0,30.0,1
1.0,36.0,0.0,1
1.0,37.0,0.0,1
1.0,40.0,10.0,1
1.0,47.0,1.0,1
1.0,47.0,3.0,1
1.0,52.0,1.0,1
1.0,52.0,9.0,1
1.0,57.0,4.0,1
1.0,57.0,6.0,1
1.0,59.0,1.0,1
1.0,65.0,1.0,1
1.0,71.0,27.0,1
1.0,78.0,1.0,1
1.0,106.0,0.0,1
2.0,0.0,0.0,1236
2.0,1.0,0.0,455
2.0,1.0,1.0,998
2.0,2.0,0.0,20
2.0,2.0,1.0,464
2.0,2.0,2.0,571
2.0,3.0,0.0,12
2.0,3.0,1.0,103
2.0,3.0,2.0,311
2.0,3.0,3.0,293
2.0,4.0,0.0,5
2.0,4.0,1.0,24
2.0,4.0,2.0,89
2.0,4.0,3.0,179
2.0,4.0,4.0,76
2.0,5.0,0.0,3
2.0,5.0,1.0,7
2.0,5.0,2.0,42
2.0,5.0,3.0,18
2.0,5.0,4.0,45
2.0,5.0,5.0,17
2.0,6.0,0.0,2
2.0,6.0,1.0,1
2.0,6.0,2.0,6
2.0,6.0,3.0,5
2.0,6.0,4.0,8
2.0,6.0,5.0,9
2.0,6.0,6.0,2
2.0,7.0,0.0,1
2.0,7.0,1.0,1
2.0,7.0,2.0,2
2.0,7.0,3.0,3
2.0,7.0,4.0,1
2.0,7.0,5.0,1
2.0,7.0,6.0,1
2.0,8.0,6.0,1
2.0,9.0,0.0,1
2.0,9.0,3.0,1
2.0,9.0,4.0,2
2.0,9.0,6.0,1
2.0,10.0,10.0,1
2.0,12.0,3.0,1
2.0,15.0,0.0,1
2.0,19.0,6.0,1
2.0,25.0,1.0,1
3.0,0.0,0.0,731
3.0,1.0,0.0,146
3.0,1.0,1.0,260
3.0,2.0,0.0,6
3.0,2.0,1.0,27
3.0,2.0,2.0,14
3.0,3.0,0.0,1
3.0,3.0,1.0,2
3.0,3.0,2.0,4
3.0,3.0,3.0,3
3.0,4.0,1.0,2
4.0,0.0,0.0,105
4.0,1.0,0.0,176
4.0,1.0,1.0,15
4.0,2.0,0.0,164
4.0,2.0,1.0,18
4.0,2.0,2.0,2
4.0,3.0,0.0,101
4.0,3.0,1.0,13
4.0,3.0,2.0,8
4.0,3.0,3.0,2
4.0,4.0,0.0,65
4.0,4.0,1.0,6
4.0,4.0,2.0,8
4.0,4.0,3.0,2
4.0,4.0,4.0,1
4.0,5.0,0.0,45
4.0,5.0,1.0,6
4.0,5.0,2.0,2
4.0,5.0,3.0,2
4.0,6.0,0.0,38
4.0,6.0,1.0,6
4.0,6.0,3.0,1
4.0,6.0,5.0,2
4.0,7.0,0.0,19
4.0,7.0,3.0,3
4.0,7.0,4.0,3
4.0,7.0,5.0,1
4.0,8.0,0.0,14
4.0,8.0,1.0,1
4.0,8.0,3.0,1
4.0,8.0,5.0,1
4.0,8.0,7.0,1
4.0,9.0,0.0,10
4.0,9.0,1.0,4
4.0,9.0,3.0,1
4.0,10.0,0.0,11
4.0,10.0,1.0,1
4.0,10.0,2.0,1
4.0,10.0,5.0,2
4.0,11.0,0.0,9
4.0,11.0,1.0,2
4.0,12.0,0.0,5
4.0,12.0,1.0,3
4.0,12.0,3.0,1
4.0,12.0,4.0,1
4.0,12.0,5.0,1
4.0,13.0,0.0,7
4.0,13.0,1.0,2
4.0,13.0,3.0,1
4.0,13.0,4.0,1
4.0,13.0,8.0,1
4.0,14.0,0.0,6
4.0,14.0,1.0,1
4.0,15.0,0.0,1
4.0,15.0,13.0,1
4.0,16.0,0.0,4
4.0,16.0,1.0,1
4.0,17.0,0.0,3
4.0,17.0,1.0,1
4.0,17.0,8.0,1
4.0,17.0,11.0,1
4.0,18.0,0.0,5
4.0,18.0,4.0,1
4.0,18.0,7.0,1
4.0,19.0,0.0,1
4.0,19.0,2.0,1
4.0,20.0,0.0,4
4.0,20.0,1.0,2
4.0,21.0,0.0,4
4.0,22.0,0.0,2
4.0,22.0,1.0,1
4.0,22.0,6.0,1
4.0,22.0,19.0,1
4.0,23.0,0.0,3
4.0,23.0,1.0,1
4.0,24.0,0.0,2
4.0,25.0,0.0,3
4.0,26.0,1.0,1
4.0,27.0,0.0,1
4.0,28.0,0.0,4
4.0,29.0,0.0,1
4.0,30.0,1.0,3
4.0,31.0,0.0,2
4.0,31.0,1.0,1
4.0,31.0,3.0,1
4.0,32.0,0.0,1
4.0,36.0,0.0,3
4.0,36.0,8.0,1
4.0,36.0,25.0,1
4.0,41.0,0.0,1
4.0,42.0,0.0,2
4.0,43.0,0.0,1
4.0,44.0,2.0,2
4.0,45.0,1.0,1
4.0,46.0,0.0,2
4.0,48.0,0.0,1
4.0,49.0,7.0,1
4.0,50.0,3.0,1
4.0,52.0,0.0,1
4.0,52.0,6.0,1
4.0,54.0,0.0,1
4.0,55.0,0.0,1
4.0,59.0,5.0,1
4.0,61.0,4.0,1
4.0,62.0,1.0,1
4.0,68.0,1.0,1
4.0,71.0,1.0,1
4.0,76.0,2.0,1
4.0,80.0,0.0,1
4.0,114.0,0.0,1
4.0,157.0,0.0,1
5.0,0.0,0.0,295
5.0,1.0,0.0,220
5.0,1.0,1.0,34
5.0,2.0,0.0,113
5.0,2.0,1.0,31
5.0,2.0,2.0,6
5.0,3.0,0.0,82
5.0,3.0,1.0,21
5.0,3.0,2.0,9
5.0,3.0,3.0,2
5.0,4.0,0.0,55
5.0,4.0,1.0,8
5.0,4.0,2.0,5
5.0,4.0,3.0,2
5.0,4.0,4.0,2
5.0,5.0,0.0,47
5.0,5.0,1.0,5
5.0,5.0,2.0,1
5.0,5.0,3.0,2
5.0,5.0,5.0,2
5.0,6.0,0.0,20
5.0,6.0,1.0,5
5.0,6.0,2.0,2
5.0,6.0,4.0,2
5.0,6.0,5.0,2
5.0,7.0,0.0,16
5.0,7.0,1.0,7
5.0,7.0,2.0,3
5.0,7.0,3.0,3
5.0,7.0,4.0,3
5.0,7.0,5.0,2
5.0,8.0,0.0,7
5.0,8.0,1.0,2
5.0,8.0,3.0,1
5.0,8.0,7.0,1
5.0,8.0,8.0,1
5.0,9.0,0.0,8
5.0,9.0,1.0,5
5.0,9.0,2.0,1
5.0,9.0,3.0,1
5.0,9.0,4.0,1
5.0,9.0,5.0,1
5.0,9.0,6.0,1
5.0,9.0,8.0,1
5.0,10.0,0.0,5
5.0,10.0,1.0,2
5.0,10.0,2.0,1
5.0,10.0,6.0,1
5.0,10.0,9.0,1
5.0,11.0,0.0,1
5.0,11.0,1.0,3
5.0,12.0,0.0,5
5.0,12.0,1.0,1
5.0,12.0,3.0,1
5.0,12.0,4.0,1
5.0,13.0,0.0,2
5.0,13.0,1.0,1
5.0,13.0,10.0,1
5.0,14.0,0.0,1
5.0,14.0,3.0,1
5.0,15.0,0.0,2
5.0,15.0,1.0,2
5.0,15.0,3.0,1
5.0,16.0,0.0,1
5.0,16.0,2.0,1
5.0,17.0,0.0,2
5.0,17.0,1.0,1
5.0,18.0,0.0,1
5.0,18.0,4.0,1
5.0,19.0,1.0,1
5.0,19.0,2.0,2
5.0,20.0,0.0,1
5.0,20.0,1.0,1
5.0,21.0,0.0,1
5.0,21.0,2.0,1
5.0,21.0,5.0,1
5.0,22.0,2.0,1
5.0,23.0,0.0,2
5.0,26.0,0.0,1
5.0,26.0,2.0,1
5.0,28.0,2.0,1
5.0,28.0,4.0,1
5.0,29.0,0.0,1
5.0,30.0,1.0,1
5.0,31.0,0.0,1
5.0,32.0,0.0,1
5.0,32.0,4.0,1
5.0,33.0,2.0,1
5.0,34.0,1.0,1
5.0,35.0,0.0,1
5.0,35.0,5.0,1
5.0,37.0,0.0,1
5.0,39.0,5.0,1
5.0,40.0,1.0,1
5.0,44.0,0.0,1
5.0,47.0,0.0,1
5.0,52.0,3.0,1
5.0,64.0,3.0,1
5.0,67.0,3.0,1
5.0,72.0,0.0,1
5.0,98.0,3.0,1
5.0,104.0,2.0,1
6.0,0.0,0.0,334
6.0,1.0,0.0,140
6.0,1.0,1.0,52
6.0,2.0,0.0,62
6.0,2.0,1.0,31
6.0,2.0,2.0,13
6.0,3.0,0.0,39
6.0,3.0,1.0,18
6.0,3.0,2.0,5
6.0,3.0,3.0,5
6.0,4.0,0.0,21
6.0,4.0,1.0,6
6.0,4.0,2.0,5
6.0,4.0,3.0,4
6.0,4.0,4.0,3
6.0,5.0,0.0,14
6.0,5.0,1.0,4
6.0,5.0,2.0,4
6.0,5.0,3.0,2
6.0,5.0,4.0,3
6.0,5.0,5.0,1
6.0,6.0,0.0,11
6.0,6.0,1.0,4
6.0,6.0,2.0,2
6.0,6.0,3.0,1
6.0,6.0,4.0,1
6.0,6.0,5.0,4
6.0,7.0,0.0,3
6.0,7.0,1.0,1
6.0,7.0,2.0,2
6.0,7.0,4.0,1
6.0,7.0,7.0,1
6.0,8.0,0.0,5
6.0,8.0,2.0,2
6.0,8.0,3.0,1
6.0,8.0,4.0,2
6.0,8.0,6.0,1
6.0,9.0,0.0,4
6.0,9.0,3.0,1
6.0,9.0,7.0,1
6.0,10.0,0.0,2
6.0,10.0,2.0,1
6.0,10.0,6.0,1
6.0,11.0,6.0,1
6.0,12.0,4.0,1
6.0,12.0,10.0,1
6.0,13.0,0.0,2
6.0,14.0,0.0,1
6.0,14.0,3.0,1
6.0,14.0,4.0,1
6.0,15.0,15.0,1
6.0,16.0,0.0,1
6.0,16.0,2.0,1
6.0,16.0,3.0,1
6.0,17.0,0.0,1
6.0,17.0,9.0,1
6.0,18.0,6.0,1
6.0,19.0,0.0,1
6.0,20.0,5.0,1
6.0,20.0,6.0,1
6.0,20.0,11.0,1
6.0,21.0,3.0,1
6.0,23.0,2.0,1
6.0,31.0,5.0,1
6.0,34.0,0.0,1
6.0,37.0,0.0,1
6.0,39.0,0.0,1
6.0,56.0,2.0,1
6.0,58.0,8.0,1
6.0,85.0,5.0,1
6.0,108.0,2.0,1
7.0,0.0,0.0,844
7.0,1.0,0.0,985
7.0,1.0,1.0,789
7.0,2.0,0.0,382
7.0,2.0,1.0,551
7.0,2.0,2.0,345
7.0,3.0,0.0,219
7.0,3.0,1.0,278
7.0,3.0,2.0,259
7.0,3.0,3.0,205
7.0,4.0,0.0,106
7.0,4.0,1.0,191
7.0,4.0,2.0,116
7.0,4.0,3.0,171
7.0,4.0,4.0,143
7.0,5.0,0.0,78
7.0,5.0,1.0,129
7.0,5.0,2.0,67
7.0,5.0,3.0,49
7.0,5.0,4.0,116
7.0,5.0,5.0,103
7.0,6.0,0.0,56
7.0,6.0,1.0,94
7.0,6.0,2.0,47
7.0,6.0,3.0,35
7.0,6.0,4.0,36
7.0,6.0,5.0,89
7.0,6.0,6.0,65
7.0,7.0,0.0,44
7.0,7.0,1.0,60
7.0,7.0,2.0,36
7.0,7.0,3.0,17
7.0,7.0,4.0,13
7.0,7.0,5.0,20
7.0,7.0,6.0,38
7.0,7.0,7.0,10
7.0,8.0,0.0,29
7.0,8.0,1.0,42
7.0,8.0,2.0,26
7.0,8.0,3.0,18
7.0,8.0,4.0,11
7.0,8.0,5.0,7
7.0,8.0,6.0,6
7.0,8.0,7.0,2
7.0,8.0,8.0,3
7.0,9.0,0.0,22
7.0,9.0,1.0,38
7.0,9.0,2.0,17
7.0,9.0,3.0,7
7.0,9.0,4.0,6
7.0,9.0,5.0,4
7.0,9.0,6.0,1
7.0,10.0,0.0,14
7.0,10.0,1.0,36
7.0,10.0,2.0,9
7.0,10.0,3.0,3
7.0,10.0,4.0,3
7.0,10.0,5.0,2
7.0,10.0,8.0,1
7.0,10.0,9.0,1
7.0,10.0,10.0,3
7.0,11.0,0.0,9
7.0,11.0,1.0,27
7.0,11.0,2.0,19
7.0,11.0,3.0,8
7.0,11.0,4.0,2
7.0,11.0,5.0,3
7.0,11.0,8.0,1
7.0,11.0,10.0,1
7.0,12.0,0.0,9
7.0,12.0,1.0,21
7.0,12.0,2.0,10
7.0,12.0,3.0,3
7.0,12.0,4.0,1
7.0,13.0,0.0,5
7.0,13.0,1.0,24
7.0,13.0,2.0,18
7.0,13.0,3.0,3
7.0,13.0,4.0,1
7.0,13.0,5.0,1
7.0,13.0,12.0,2
7.0,14.0,0.0,6
7.0,14.0,1.0,20
7.0,14.0,2.0,12
7.0,14.0,3.0,2
7.0,14.0,5.0,1
7.0,14.0,14.0,1
7.0,15.0,0.0,5
7.0,15.0,1.0,24
7.0,15.0,2.0,5
7.0,15.0,3.0,1
7.0,15.0,7.0,1
7.0,15.0,13.0,1
7.0,16.0,0.0,2
7.0,16.0,1.0,11
7.0,16.0,2.0,2
7.0,17.0,0.0,5
7.0,17.0,1.0,14
7.0,17.0,2.0,7
7.0,17.0,3.0,1
7.0,17.0,11.0,1
7.0,18.0,0.0,4
7.0,18.0,1.0,8
7.0,18.0,4.0,1
7.0,19.0,0.0,3
7.0,19.0,1.0,16
7.0,19.0,2.0,4
7.0,19.0,7.0,1
7.0,19.0,18.0,1
7.0,20.0,0.0,1
7.0,20.0,1.0,5
7.0,20.0,4.0,1
7.0,21.0,0.0,2
7.0,21.0,1.0,7
7.0,21.0,2.0,2
7.0,21.0,18.0,1
7.0,22.0,0.0,1
7.0,22.0,1.0,8
7.0,22.0,2.0,1
7.0,22.0,20.0,1
7.0,22.0,21.0,1
7.0,23.0,1.0,6
7.0,23.0,6.0,1
7.0,24.0,0.0,2
7.0,24.0,1.0,2
7.0,25.0,0.0,2
7.0,25.0,1.0,2
7.0,25.0,2.0,1
7.0,25.0,23.0,1
7.0,26.0,0.0,1
7.0,26.0,1.0,5
7.0,26.0,21.0,1
7.0,27.0,0.0,1
7.0,27.0,1.0,1
7.0,27.0,2.0,1
7.0,27.0,10.0,1
7.0,29.0,3.0,1
7.0,29.0,25.0,1
7.0,31.0,1.0,2
7.0,31.0,17.0,1
7.0,33.0,6.0,1
7.0,34.0,1.0,1
7.0,35.0,7.0,1
7.0,36.0,2.0,1
7.0,37.0,0.0,1
7.0,38.0,1.0,1
7.0,39.0,2.0,1
7.0,39.0,4.0,1
7.0,41.0,1.0,1
7.0,49.0,0.0,1
7.0,61.0,0.0,1
7.0,71.0,0.0,1
7.0,81.0,0.0,1
7.0,82.0,1.0,1
8.0,1.0,1.0,121
8.0,2.0,1.0,143
8.0,2.0,2.0,393
8.0,3.0,1.0,70
8.0,3.0,2.0,261
8.0,3.0,3.0,405
8.0,4.0,1.0,34
8.0,4.0,2.0,90
8.0,4.0,3.0,316
8.0,4.0,4.0,327
8.0,5.0,1.0,25
8.0,5.0,2.0,65
8.0,5.0,3.0,51
8.0,5.0,4.0,229
8.0,5.0,5.0,197
8.0,6.0,1.0,18
8.0,6.0,2.0,75
8.0,6.0,3.0,37
8.0,6.0,4.0,42
8.0,6.0,5.0,173
8.0,6.0,6.0,106
8.0,7.0,1.0,6
8.0,7.0,2.0,42
8.0,7.0,3.0,26
8.0,7.0,4.0,27
8.0,7.0,5.0,38
8.0,7.0,6.0,90
8.0,7.0,7.0,33
8.0,8.0,1.0,4
8.0,8.0,2.0,21
8.0,8.0,3.0,18
8.0,8.0,4.0,11
8.0,8.0,5.0,11
8.0,8.0,6.0,31
8.0,8.0,7.0,31
8.0,8.0,8.0,14
8.0,9.0,2.0,12
8.0,9.0,3.0,10
8.0,9.0,4.0,11
8.0,9.0,5.0,8
8.0,9.0,6.0,6
8.0,9.0,7.0,2
8.0,9.0,8.0,2
8.0,10.0,2.0,7
8.0,10.0,3.0,11
8.0,10.0,4.0,5
8.0,10.0,5.0,4
8.0,10.0,6.0,1
8.0,10.0,7.0,1
8.0,10.0,8.0,3
8.0,11.0,2.0,3
8.0,11.0,3.0,6
8.0,11.0,4.0,5
8.0,11.0,5.0,4
8.0,11.0,6.0,3
8.0,11.0,7.0,1
8.0,11.0,8.0,1
8.0,12.0,2.0,4
8.0,12.0,3.0,4
8.0,12.0,4.0,4
8.0,12.0,5.0,1
8.0,13.0,2.0,1
8.0,14.0,2.0,2
8.0,14.0,3.0,1
8.0,16.0,1.0,1
8.0,16.0,2.0,1
8.0,16.0,3.0,2
8.0,16.0,9.0,1
8.0,17.0,4.0,1
8.0,18.0,3.0,1
8.0,20.0,1.0,1
8.0,20.0,2.0,1
8.0,27.0,2.0,1
8.0,34.0,3.0,1
8.0,34.0,15.0,1
8.0,38.0,1.0,1
8.0,41.0,2.0,1
8.0,86.0,5.0,1
9.0,0.0,0.0,196
9.0,1.0,0.0,250
9.0,1.0,1.0,47
9.0,2.0,0.0,188
9.0,2.0,1.0,59
9.0,2.0,2.0,19
9.0,3.0,0.0,123
9.0,3.0,1.0,24
9.0,3.0,2.0,12
9.0,3.0,3.0,10
9.0,4.0,0.0,78
9.0,4.0,1.0,18
9.0,4.0,2.0,16
9.0,4.0,3.0,11
9.0,4.0,4.0,4
9.0,5.0,0.0,54
9.0,5.0,1.0,10
9.0,5.0,2.0,5
9.0,5.0,3.0,10
9.0,5.0,4.0,11
9.0,5.0,5.0,3
9.0,6.0,0.0,50
9.0,6.0,1.0,11
9.0,6.0,2.0,6
9.0,6.0,3.0,4
9.0,6.0,4.0,8
9.0,6.0,5.0,7
9.0,6.0,6.0,2
9.0,7.0,0.0,21
9.0,7.0,1.0,8
9.0,7.0,2.0,2
9.0,7.0,3.0,4
9.0,7.0,4.0,5
9.0,7.0,5.0,4
9.0,7.0,6.0,1
9.0,7.0,7.0,1
9.0,8.0,0.0,10
9.0,8.0,1.0,6
9.0,8.0,2.0,4
9.0,8.0,3.0,3
9.0,8.0,4.0,1
9.0,8.0,5.0,1
9.0,8.0,6.0,4
9.0,8.0,8.0,1
9.0,9.0,0.0,6
9.0,9.0,1.0,5
9.0,9.0,2.0,5
9.0,9.0,4.0,2
9.0,9.0,5.0,1
9.0,9.0,7.0,2
9.0,9.0,8.0,1
9.0,10.0,0.0,9
9.0,10.0,1.0,4
9.0,10.0,3.0,2
9.0,10.0,7.0,1
9.0,10.0,8.0,1
9.0,10.0,9.0,1
9.0,11.0,0.0,7
9.0,11.0,1.0,1
9.0,11.0,2.0,1
9.0,12.0,0.0,9
9.0,12.0,3.0,1
9.0,12.0,5.0,1
9.0,12.0,6.0,1
9.0,13.0,0.0,4
9.0,13.0,1.0,1
9.0,13.0,3.0,1
9.0,13.0,6.0,1
9.0,14.0,0.0,7
9.0,14.0,1.0,3
9.0,14.0,2.0,1
9.0,14.0,5.0,1
9.0,14.0,11.0,1
9.0,15.0,0.0,4
9.0,15.0,1.0,2
9.0,15.0,2.0,1
9.0,15.0,3.0,1
9.0,16.0,0.0,2
9.0,16.0,2.0,1
9.0,16.0,3.0,1
9.0,16.0,5.0,1
9.0,17.0,0.0,2
9.0,17.0,1.0,3
9.0,17.0,9.0,1
9.0,18.0,0.0,5
9.0,18.0,1.0,1
9.0,18.0,3.0,1
9.0,18.0,6.0,1
9.0,19.0,0.0,2
9.0,19.0,2.0,2
9.0,19.0,3.0,1
9.0,20.0,0.0,7
9.0,20.0,1.0,2
9.0,20.0,18.0,1
9.0,21.0,0.0,1
9.0,21.0,1.0,1
9.0,21.0,3.0,1
9.0,21.0,11.0,1
9.0,21.0,15.0,1
9.0,22.0,0.0,1
9.0,23.0,0.0,1
9.0,23.0,1.0,1
9.0,24.0,3.0,1
9.0,25.0,0.0,2
9.0,25.0,2.0,1
9.0,26.0,0.0,1
9.0,27.0,0.0,1
9.0,27.0,2.0,1
9.0,28.0,0.0,2
9.0,29.0,0.0,3
9.0,29.0,3.0,1
9.0,29.0,4.0,1
9.0,30.0,0.0,1
9.0,31.0,0.0,1
9.0,31.0,1.0,1
9.0,31.0,10.0,1
9.0,32.0,0.0,1
9.0,35.0,2.0,1
9.0,35.0,3.0,1
9.0,36.0,0.0,2
9.0,37.0,0.0,2
9.0,37.0,3.0,1
9.0,38.0,0.0,1
9.0,47.0,0.0,1
9.0,47.0,12.0,1
9.0,49.0,0.0,1
9.0,50.0,1.0,1
9.0,52.0,1.0,1
9.0,61.0,1.0,1
9.0,66.0,1.0,1
9.0,68.0,0.0,1
9.0,70.0,1.0,1
9.0,78.0,0.0,1
9.0,80.0,0.0,1
9.0,86.0,3.0,1
9.0,93.0,3.0,1
9.0,96.0,1.0,1
9.0,99.0,0.0,1
9.0,110.0,1.0,1
9.0,153.0,0.0,1
10.0,0.0,,57
10.0,1.0,,145
10.0,2.0,,191
10.0,3.0,,192
10.0,4.0,,161
10.0,5.0,,125
10.0,6.0,,83
10.0,7.0,,41
10.0,8.0,,29
10.0,9.0,,16
10.0,10.0,,18
10.0,11.0,,6
10.0,12.0,,9
10.0,13.0,,4
10.0,14.0,,5
10.0,15.0,,5
10.0,16.0,,4
10.0,17.0,,5
10.0,18.0,,5
10.0,19.0,,3
10.0,20.0,,3
10.0,21.0,,5
10.0,22.0,,2
10.0,23.0,,4
10.0,24.0,,3
10.0,26.0,,2
10.0,27.0,,3
10.0,28.0,,2
10.0,29.0,,1
10.0,30.0,,4
10.0,31.0,,1
10.0,33.0,,1
10.0,34.0,,1
10.0,36.0,,1
10.0,38.0,,2
10.0,42.0,,2
10.0,45.0,,1
10.0,54.0,,1
10.0,59.0,,1
10.0,60.0,,1
10.0,61.0,,1
10.0,69.0,,1
10.0,82.0,,1
10.0,89.0,,1
10.0,123.0,,1
10.0,131.0,,1
11.0,0.0,,320
11.0,1.0,,395
11.0,2.0,,207
11.0,3.0,,173
11.0,4.0,,96
11.0,5.0,,83
11.0,6.0,,62
11.0,7.0,,43
11.0,8.0,,21
11.0,9.0,,26
11.0,10.0,,17
11.0,11.0,,16
11.0,12.0,,10
11.0,13.0,,8
11.0,14.0,,6
11.0,15.0,,10
11.0,16.0,,3
11.0,17.0,,7
11.0,18.0,,5
11.0,19.0,,3
11.0,20.0,,2
11.0,21.0,,1
11.0,22.0,,2
11.0,24.0,,2
11.0,25.0,,1
11.0,26.0,,6
11.0,27.0,,1
11.0,28.0,,1
11.0,31.0,,1
11.0,32.0,,1
11.0,39.0,,2
11.0,41.0,,1
11.0,42.0,,1
11.0,48.0,,1
11.0,58.0,,1
11.0,63.0,,1
11.0,76.0,,1
11.0,86.0,,1
11.0,103.0,,1
11.0,106.0,,1
11.0,108.0,,1
12.0,,,388
