faint,dbin,n
0.0,0.0,2
0.0,1.0,6
0.0,2.0,8
0.0,3.0,17
0.0,4.0,32
0.0,5.0,54
0.0,6.0,64
0.0,7.0,72
0.0,8.0,79
0.0,9.0,91
0.0,10.0,86
0.0,11.0,83
0.0,12.0,112
0.0,13.0,101
0.0,14.0,81
0.0,15.0,99
0.0,16.0,70
0.0,17.0,88
0.0,18.0,83
0.0,19.0,87
0.0,20.0,82
0.0,21.0,48
0.0,22.0,79
0.0,23.0,73
0.0,24.0,69
0.0,25.0,62
0.0,26.0,57
0.0,27.0,54
0.0,28.0,62
0.0,29.0,59
0.0,30.0,65
0.0,31.0,50
0.0,32.0,52
0.0,33.0,66
0.0,34.0,50
0.0,35.0,53
0.0,36.0,46
0.0,37.0,52
0.0,38.0,57
0.0,39.0,37
0.0,40.0,40
0.0,41.0,46
0.0,42.0,51
0.0,43.0,41
0.0,44.0,40
0.0,45.0,44
0.0,46.0,45
0.0,47.0,46
0.0,48.0,27
0.0,49.0,35
0.0,50.0,30
0.0,51.0,30
0.0,52.0,31
0.0,53.0,25
0.0,54.0,29
0.0,55.0,31
0.0,56.0,31
0.0,57.0,27
0.0,58.0,22
0.0,59.0,16
0.0,60.0,20
0.0,61.0,24
0.0,62.0,21
0.0,63.0,25
0.0,64.0,20
0.0,65.0,21
0.0,66.0,19
0.0,67.0,22
0.0,68.0,7
0.0,69.0,22
0.0,70.0,19
0.0,71.0,16
0.0,72.0,13
0.0,73.0,8
0.0,74.0,6
0.0,75.0,12
0.0,76.0,13
0.0,77.0,4
0.0,78.0,18
0.0,79.0,8
0.0,80.0,10
0.0,81.0,4
0.0,82.0,6
0.0,83.0,11
0.0,84.0,12
0.0,85.0,9
0.0,86.0,9
0.0,87.0,5
0.0,88.0,8
0.0,89.0,4
0.0,90.0,5
0.0,91.0,1
0.0,92.0,5
0.0,93.0,5
0.0,94.0,4
0.0,95.0,4
0.0,96.0,4
0.0,97.0,3
0.0,98.0,7
0.0,99.0,4
0.0,100.0,3
0.0,101.0,2
0.0,102.0,6
0.0,103.0,7
0.0,104.0,6
0.0,105.0,3
0.0,106.0,2
0.0,107.0,2
0.0,108.0,6
0.0,109.0,3
0.0,110.0,2
0.0,111.0,5
0.0,112.0,3
0.0,113.0,3
0.0,114.0,4
0.0,115.0,2
0.0,116.0,2
0.0,117.0,2
0.0,118.0,1
0.0,119.0,3
0.0,120.0,2
0.0,121.0,1
0.0,122.0,4
0.0,123.0,7
0.0,124.0,1
0.0,125.0,4
0.0,126.0,5
0.0,127.0,2
0.0,128.0,3
0.0,130.0,1
0.0,132.0,1
0.0,133.0,2
0.0,134.0,1
0.0,136.0,1
0.0,138.0,1
0.0,139.0,2
0.0,140.0,2
0.0,141.0,1
0.0,143.0,1
0.0,144.0,4
0.0,146.0,2
0.0,149.0,1
0.0,151.0,4
0.0,152.0,1
0.0,153.0,1
0.0,155.0,1
0.0,156.0,2
0.0,157.0,1
0.0,160.0,1
0.0,161.0,3
0.0,162.0,2
0.0,163.0,3
0.0,166.0,1
0.0,167.0,1
0.0,169.0,1
0.0,171.0,3
0.0,172.0,2
0.0,174.0,2
0.0,176.0,1
0.0,177.0,2
0.0,178.0,2
0.0,179.0,1
0.0,182.0,1
0.0,183.0,2
0.0,184.0,2
0.0,186.0,1
0.0,188.0,2
0.0,189.0,1
0.0,190.0,1
0.0,191.0,1
0.0,194.0,1
0.0,195.0,3
0.0,196.0,1
0.0,198.0,1
0.0,199.0,1
0.0,200.0,1
0.0,201.0,1
0.0,202.0,1
0.0,204.0,1
0.0,205.0,1
0.0,206.0,2
0.0,207.0,1
0.0,209.0,1
0.0,211.0,1
0.0,212.0,3
0.0,213.0,1
0.0,214.0,2
0.0,215.0,2
0.0,216.0,1
0.0,219.0,1
0.0,221.0,1
0.0,226.0,1
0.0,229.0,1
0.0,230.0,1
0.0,232.0,1
0.0,237.0,1
0.0,243.0,2
0.0,256.0,1
0.0,258.0,1
0.0,261.0,1
0.0,267.0,2
0.0,273.0,1
0.0,277.0,2
0.0,278.0,1
0.0,281.0,1
0.0,283.0,1
0.0,286.0,1
0.0,293.0,1
0.0,295.0,1
0.0,296.0,1
0.0,297.0,1
0.0,303.0,2
0.0,304.0,1
0.0,308.0,1
0.0,314.0,1
0.0,316.0,1
0.0,317.0,1
0.0,325.0,1
0.0,346.0,1
0.0,359.0,2
0.0,364.0,1
0.0,368.0,1
0.0,377.0,1
0.0,378.0,1
0.0,379.0,1
0.0,382.0,1
0.0,385.0,2
0.0,394.0,1
0.0,397.0,1
0.0,415.0,1
0.0,417.0,1
0.0,443.0,1
0.0,445.0,1
0.0,470.0,1
0.0,489.0,1
0.0,509.0,1
0.0,524.0,1
0.0,573.0,1
0.0,577.0,1
0.0,587.0,1
0.0,615.0,1
0.0,628.0,1
0.0,643.0,1
0.0,681.0,1
0.0,768.0,1
0.0,781.0,1
0.0,803.0,1
0.0,965.0,1
0.0,989.0,1
0.0,1047.0,1
0.0,1088.0,1
0.0,,31
1.0,0.0,46
1.0,1.0,58
1.0,2.0,106
1.0,3.0,355
1.0,4.0,512
1.0,5.0,564
1.0,6.0,632
1.0,7.0,630
1.0,8.0,546
1.0,9.0,552
1.0,10.0,568
1.0,11.0,521
1.0,12.0,484
1.0,13.0,536
1.0,14.0,461
1.0,15.0,490
1.0,16.0,463
1.0,17.0,428
1.0,18.0,391
1.0,19.0,425
1.0,20.0,387
1.0,21.0,385
1.0,22.0,397
1.0,23.0,381
1.0,24.0,382
1.0,25.0,391
1.0,26.0,386
1.0,27.0,364
1.0,28.0,359
1.0,29.0,345
1.0,30.0,315
1.0,31.0,320
1.0,32.0,326
1.0,33.0,333
1.0,34.0,284
1.0,35.0,309
1.0,36.0,294
1.0,37.0,264
1.0,38.0,289
1.0,39.0,300
1.0,40.0,275
1.0,41.0,227
1.0,42.0,238
1.0,43.0,266
1.0,44.0,232
1.0,45.0,215
1.0,46.0,216
1.0,47.0,212
1.0,48.0,184
1.0,49.0,208
1.0,50.0,175
1.0,51.0,176
1.0,52.0,173
1.0,53.0,154
1.0,54.0,183
1.0,55.0,150
1.0,56.0,150
1.0,57.0,128
1.0,58.0,153
1.0,59.0,142
1.0,60.0,151
1.0,61.0,130
1.0,62.0,146
1.0,63.0,112
1.0,64.0,120
1.0,65.0,125
1.0,66.0,115
1.0,67.0,109
1.0,68.0,87
1.0,69.0,87
1.0,70.0,73
1.0,71.0,83
1.0,72.0,71
1.0,73.0,73
1.0,74.0,68
1.0,75.0,77
1.0,76.0,69
1.0,77.0,51
1.0,78.0,46
1.0,79.0,46
1.0,80.0,41
1.0,81.0,45
1.0,82.0,45
1.0,83.0,34
1.0,84.0,39
1.0,85.0,42
1.0,86.0,40
1.0,87.0,31
1.0,88.0,40
1.0,89.0,21
1.0,90.0,19
1.0,91.0,24
1.0,92.0,24
1.0,93.0,33
1.0,94.0,25
1.0,95.0,19
1.0,96.0,29
1.0,97.0,20
1.0,98.0,25
1.0,99.0,24
1.0,100.0,26
1.0,101.0,19
1.0,102.0,18
1.0,103.0,22
1.0,104.0,17
1.0,105.0,18
1.0,106.0,8
1.0,107.0,14
1.0,108.0,13
1.0,109.0,18
1.0,110.0,11
1.0,111.0,16
1.0,112.0,15
1.0,113.0,11
1.0,114.0,11
1.0,115.0,15
1.0,116.0,11
1.0,117.0,12
1.0,118.0,11
1.0,119.0,13
1.0,120.0,10
1.0,121.0,12
1.0,122.0,7
1.0,123.0,8
1.0,124.0,12
1.0,125.0,9
1.0,126.0,11
1.0,127.0,6
1.0,128.0,11
1.0,129.0,7
1.0,130.0,10
1.0,131.0,7
1.0,132.0,6
1.0,133.0,12
1.0,134.0,13
1.0,135.0,4
1.0,136.0,9
1.0,137.0,13
1.0,138.0,11
1.0,139.0,10
1.0,140.0,10
1.0,141.0,10
1.0,142.0,4
1.0,143.0,7
1.0,144.0,5
1.0,145.0,7
1.0,146.0,11
1.0,147.0,12
1.0,148.0,5
1.0,149.0,12
1.0,150.0,5
1.0,151.0,9
1.0,152.0,5
1.0,153.0,5
1.0,154.0,10
1.0,155.0,7
1.0,156.0,6
1.0,157.0,8
1.0,158.0,6
1.0,159.0,5
1.0,160.0,3
1.0,161.0,4
1.0,162.0,3
1.0,163.0,4
1.0,164.0,3
1.0,165.0,4
1.0,166.0,3
1.0,167.0,4
1.0,168.0,4
1.0,169.0,4
1.0,170.0,5
1.0,171.0,7
1.0,172.0,2
1.0,173.0,6
1.0,174.0,8
1.0,175.0,4
1.0,176.0,6
1.0,177.0,6
1.0,178.0,1
1.0,179.0,5
1.0,180.0,1
1.0,181.0,3
1.0,182.0,5
1.0,183.0,7
1.0,184.0,4
1.0,185.0,9
1.0,186.0,3
1.0,187.0,5
1.0,188.0,3
1.0,189.0,1
1.0,190.0,5
1.0,191.0,3
1.0,192.0,5
1.0,193.0,1
1.0,194.0,4
1.0,195.0,5
1.0,196.0,4
1.0,197.0,2
1.0,198.0,7
1.0,199.0,5
1.0,200.0,2
1.0,201.0,3
1.0,202.0,2
1.0,203.0,3
1.0,204.0,3
1.0,205.0,1
1.0,206.0,4
1.0,207.0,2
1.0,208.0,4
1.0,209.0,4
1.0,210.0,1
1.0,211.0,2
1.0,212.0,4
1.0,214.0,3
1.0,215.0,4
1.0,216.0,4
1.0,217.0,2
1.0,218.0,2
1.0,219.0,3
1.0,220.0,3
1.0,222.0,3
1.0,223.0,4
1.0,224.0,1
1.0,225.0,2
1.0,226.0,3
1.0,227.0,2
1.0,228.0,5
1.0,229.0,2
1.0,230.0,1
1.0,231.0,2
1.0,232.0,3
1.0,233.0,4
1.0,234.0,1
1.0,235.0,1
1.0,236.0,1
1.0,237.0,1
1.0,238.0,1
1.0,239.0,3
1.0,240.0,1
1.0,242.0,3
1.0,244.0,4
1.0,248.0,1
1.0,249.0,3
1.0,251.0,3
1.0,252.0,2
1.0,253.0,1
1.0,254.0,1
1.0,255.0,3
1.0,256.0,1
1.0,258.0,2
1.0,260.0,2
1.0,261.0,5
1.0,262.0,1
1.0,264.0,1
1.0,266.0,1
1.0,267.0,4
1.0,268.0,2
1.0,269.0,2
1.0,270.0,1
1.0,272.0,2
1.0,273.0,1
1.0,274.0,2
1.0,275.0,1
1.0,276.0,1
1.0,277.0,1
1.0,278.0,1
1.0,281.0,2
1.0,283.0,2
1.0,284.0,1
1.0,285.0,1
1.0,286.0,1
1.0,287.0,1
1.0,288.0,1
1.0,289.0,2
1.0,290.0,1
1.0,291.0,3
1.0,292.0,2
1.0,294.0,1
1.0,301.0,3
1.0,303.0,1
1.0,306.0,2
1.0,309.0,1
1.0,310.0,3
1.0,311.0,1
1.0,313.0,1
1.0,314.0,2
1.0,315.0,2
1.0,318.0,2
1.0,319.0,2
1.0,322.0,1
1.0,324.0,1
1.0,326.0,1
1.0,328.0,1
1.0,329.0,1
1.0,330.0,1
1.0,334.0,2
1.0,341.0,2
1.0,342.0,1
1.0,344.0,1
1.0,346.0,1
1.0,352.0,1
1.0,354.0,1
1.0,359.0,1
1.0,361.0,3
1.0,362.0,1
1.0,363.0,1
1.0,364.0,2
1.0,367.0,1
1.0,371.0,1
1.0,374.0,1
1.0,375.0,1
1.0,378.0,1
1.0,382.0,1
1.0,387.0,1
1.0,391.0,1
1.0,394.0,1
1.0,397.0,1
1.0,398.0,1
1.0,402.0,1
1.0,408.0,1
1.0,414.0,1
1.0,417.0,1
1.0,421.0,1
1.0,422.0,1
1.0,424.0,1
1.0,426.0,2
1.0,437.0,1
1.0,442.0,1
1.0,452.0,1
1.0,453.0,1
1.0,462.0,1
1.0,467.0,1
1.0,471.0,1
1.0,472.0,1
1.0,473.0,1
1.0,479.0,1
1.0,480.0,1
1.0,492.0,1
1.0,497.0,1
1.0,499.0,1
1.0,503.0,1
1.0,520.0,1
1.0,521.0,1
1.0,522.0,2
1.0,527.0,1
1.0,541.0,1
1.0,542.0,1
1.0,551.0,1
1.0,563.0,1
1.0,584.0,1
1.0,592.0,1
1.0,593.0,1
1.0,598.0,1
1.0,606.0,1
1.0,611.0,1
1.0,616.0,1
1.0,619.0,1
1.0,633.0,1
1.0,654.0,1
1.0,663.0,1
1.0,678.0,1
1.0,685.0,1
1.0,691.0,1
1.0,707.0,1
1.0,712.0,1
1.0,716.0,1
1.0,719.0,1
1.0,720.0,1
1.0,766.0,1
1.0,788.0,1
1.0,808.0,1
1.0,817.0,1
1.0,823.0,2
1.0,854.0,1
1.0,862.0,1
1.0,864.0,1
1.0,869.0,1
1.0,894.0,1
1.0,933.0,1
1.0,990.0,1
1.0,1034.0,1
1.0,1068.0,1
1.0,1069.0,1
1.0,1086.0,1
1.0,1101.0,1
1.0,1147.0,1
1.0,1238.0,1
1.0,1313.0,1
1.0,1533.0,1
1.0,1572.0,1
1.0,,357
