cls,wbin,n
1.0,0.0,11
1.0,1.0,15
1.0,2.0,52
1.0,3.0,52
1.0,4.0,105
1.0,5.0,97
1.0,6.0,124
1.0,7.0,117
1.0,8.0,126
1.0,9.0,125
1.0,10.0,128
1.0,11.0,109
1.0,12.0,118
1.0,13.0,112
1.0,14.0,94
1.0,15.0,90
1.0,16.0,63
1.0,17.0,83
1.0,18.0,79
1.0,19.0,76
1.0,20.0,57
1.0,21.0,44
1.0,22.0,40
1.0,23.0,57
1.0,24.0,58
1.0,25.0,42
1.0,26.0,55
1.0,27.0,44
1.0,28.0,36
1.0,29.0,28
1.0,30.0,17
1.0,31.0,15
1.0,32.0,13
1.0,33.0,5
1.0,34.0,3
1.0,35.0,1
2.0,27.0,1
2.0,28.0,2
2.0,29.0,10
2.0,30.0,8
2.0,31.0,19
2.0,32.0,23
2.0,33.0,16
2.0,34.0,21
2.0,35.0,23
2.0,36.0,38
2.0,37.0,45
2.0,38.0,32
2.0,39.0,56
2.0,40.0,4728
3.0,40.0,1196
4.0,0.0,56
4.0,1.0,96
4.0,2.0,99
4.0,3.0,105
4.0,4.0,101
4.0,5.0,90
4.0,6.0,100
4.0,7.0,87
4.0,8.0,85
4.0,9.0,78
4.0,10.0,81
4.0,11.0,16
5.0,11.0,75
5.0,12.0,91
5.0,13.0,82
5.0,14.0,65
5.0,15.0,55
5.0,16.0,61
5.0,17.0,47
5.0,18.0,55
5.0,19.0,42
5.0,20.0,41
5.0,21.0,36
5.0,22.0,27
5.0,23.0,26
5.0,24.0,20
5.0,25.0,17
5.0,26.0,15
5.0,27.0,29
5.0,28.0,21
5.0,29.0,14
5.0,30.0,14
5.0,31.0,13
5.0,32.0,12
5.0,33.0,10
5.0,34.0,9
5.0,35.0,9
5.0,36.0,10
5.0,37.0,9
5.0,38.0,6
5.0,39.0,6
5.0,40.0,196
6.0,4.0,1
6.0,5.0,2
6.0,6.0,1
6.0,7.0,4
6.0,8.0,2
6.0,9.0,2
6.0,10.0,5
6.0,11.0,7
6.0,12.0,8
6.0,13.0,5
6.0,14.0,8
6.0,15.0,19
6.0,16.0,9
6.0,17.0,6
6.0,18.0,13
6.0,19.0,15
6.0,20.0,13
6.0,21.0,11
6.0,22.0,20
6.0,23.0,22
6.0,24.0,12
6.0,25.0,16
6.0,26.0,14
6.0,27.0,9
6.0,28.0,14
6.0,29.0,17
6.0,30.0,15
6.0,31.0,19
6.0,32.0,10
6.0,33.0,12
6.0,34.0,13
6.0,35.0,11
6.0,36.0,14
6.0,37.0,13
6.0,38.0,12
6.0,39.0,12
6.0,40.0,461
7.0,0.0,14
7.0,1.0,29
7.0,2.0,39
7.0,3.0,57
7.0,4.0,75
7.0,5.0,98
7.0,6.0,134
7.0,7.0,173
7.0,8.0,253
7.0,9.0,286
7.0,10.0,312
7.0,11.0,367
7.0,12.0,356
7.0,13.0,403
7.0,14.0,404
7.0,15.0,393
7.0,16.0,394
7.0,17.0,383
7.0,18.0,371
7.0,19.0,318
7.0,20.0,309
7.0,21.0,277
7.0,22.0,253
7.0,23.0,221
7.0,24.0,199
7.0,25.0,187
7.0,26.0,167
7.0,27.0,159
7.0,28.0,142
7.0,29.0,118
7.0,30.0,92
7.0,31.0,84
7.0,32.0,69
7.0,33.0,77
7.0,34.0,55
7.0,35.0,52
7.0,36.0,46
7.0,37.0,50
7.0,38.0,45
7.0,39.0,42
8.0,0.0,1
8.0,1.0,1
8.0,2.0,2
8.0,3.0,2
8.0,4.0,1
8.0,5.0,8
8.0,6.0,4
8.0,7.0,8
8.0,8.0,10
8.0,9.0,16
8.0,10.0,14
8.0,11.0,14
8.0,12.0,16
8.0,13.0,27
8.0,14.0,18
8.0,15.0,22
8.0,16.0,36
8.0,17.0,47
8.0,18.0,29
8.0,19.0,45
8.0,20.0,64
8.0,21.0,91
8.0,22.0,113
8.0,23.0,152
8.0,24.0,188
8.0,25.0,255
8.0,26.0,266
8.0,27.0,303
8.0,28.0,315
8.0,29.0,302
8.0,30.0,241
8.0,31.0,239
8.0,32.0,173
8.0,33.0,179
8.0,34.0,147
8.0,35.0,102
8.0,36.0,91
8.0,37.0,70
8.0,38.0,70
8.0,39.0,37
9.0,0.0,44
9.0,1.0,53
9.0,2.0,47
9.0,3.0,53
9.0,4.0,81
9.0,5.0,65
9.0,6.0,88
9.0,7.0,80
9.0,8.0,64
9.0,9.0,71
9.0,10.0,77
9.0,11.0,73
9.0,12.0,67
9.0,13.0,48
9.0,14.0,56
9.0,15.0,48
9.0,16.0,38
9.0,17.0,32
9.0,18.0,39
9.0,19.0,26
9.0,20.0,24
9.0,21.0,32
9.0,22.0,35
9.0,23.0,20
9.0,24.0,16
9.0,25.0,23
9.0,26.0,20
9.0,27.0,15
9.0,28.0,19
9.0,29.0,26
9.0,30.0,18
9.0,31.0,8
9.0,32.0,13
9.0,33.0,12
9.0,34.0,8
9.0,35.0,14
9.0,36.0,9
9.0,37.0,8
9.0,38.0,8
9.0,39.0,9
10.0,0.0,10
10.0,1.0,22
10.0,2.0,35
10.0,3.0,44
10.0,4.0,48
10.0,5.0,53
10.0,6.0,45
10.0,7.0,38
10.0,8.0,42
10.0,9.0,43
10.0,10.0,49
10.0,11.0,61
10.0,12.0,67
10.0,13.0,55
10.0,14.0,45
10.0,15.0,45
10.0,16.0,34
10.0,17.0,51
10.0,18.0,42
10.0,19.0,37
10.0,20.0,24
10.0,21.0,35
10.0,22.0,24
10.0,23.0,22
10.0,24.0,19
10.0,25.0,19
10.0,26.0,22
10.0,27.0,11
10.0,28.0,11
10.0,29.0,10
10.0,30.0,15
10.0,31.0,14
10.0,32.0,8
10.0,33.0,10
10.0,34.0,8
10.0,35.0,6
10.0,36.0,6
10.0,37.0,9
10.0,38.0,4
10.0,39.0,8
11.0,0.0,21
11.0,1.0,29
11.0,2.0,33
11.0,3.0,27
11.0,4.0,32
11.0,5.0,45
11.0,6.0,62
11.0,7.0,55
11.0,8.0,65
11.0,9.0,65
11.0,10.0,93
11.0,11.0,71
11.0,12.0,81
11.0,13.0,71
11.0,14.0,66
11.0,15.0,73
11.0,16.0,68
11.0,17.0,47
11.0,18.0,59
11.0,19.0,52
11.0,20.0,41
11.0,21.0,34
11.0,22.0,35
11.0,23.0,21
11.0,24.0,41
11.0,25.0,22
11.0,26.0,32
11.0,27.0,29
11.0,28.0,14
11.0,29.0,19
11.0,30.0,21
11.0,31.0,27
11.0,32.0,16
11.0,33.0,12
11.0,34.0,9
11.0,35.0,10
11.0,36.0,8
11.0,37.0,7
11.0,38.0,12
11.0,39.0,16
12.0,,388
