faint,vbin,n
0.0,30.0,1
0.0,31.0,1
0.0,35.0,1
0.0,40.0,1
0.0,42.0,1
0.0,47.0,1
0.0,54.0,1
0.0,55.0,2
0.0,64.0,1
0.0,65.0,1
0.0,66.0,3
0.0,70.0,1
0.0,76.0,1
0.0,79.0,1
0.0,80.0,1
0.0,81.0,1
0.0,82.0,2
0.0,84.0,1
0.0,85.0,2
0.0,86.0,4
0.0,87.0,1
0.0,90.0,2
0.0,92.0,3
0.0,93.0,1
0.0,94.0,3
0.0,95.0,1
0.0,96.0,1
0.0,97.0,3
0.0,98.0,4
0.0,100.0,4
0.0,101.0,4
0.0,102.0,1
0.0,105.0,2
0.0,106.0,3
0.0,107.0,1
0.0,108.0,3
0.0,109.0,3
0.0,110.0,3
0.0,111.0,3
0.0,112.0,2
0.0,114.0,2
0.0,115.0,6
0.0,116.0,2
0.0,117.0,1
0.0,118.0,4
0.0,119.0,10
0.0,120.0,3
0.0,121.0,2
0.0,122.0,2
0.0,123.0,5
0.0,124.0,4
0.0,125.0,6
0.0,126.0,7
0.0,127.0,7
0.0,128.0,8
0.0,129.0,6
0.0,130.0,7
0.0,131.0,4
0.0,132.0,8
0.0,133.0,6
0.0,134.0,5
0.0,135.0,6
0.0,136.0,6
0.0,137.0,7
0.0,138.0,5
0.0,139.0,6
0.0,140.0,5
0.0,141.0,7
0.0,142.0,7
0.0,143.0,7
0.0,144.0,2
0.0,145.0,5
0.0,146.0,5
0.0,147.0,7
0.0,148.0,8
0.0,149.0,11
0.0,150.0,6
0.0,151.0,9
0.0,152.0,14
0.0,153.0,6
0.0,154.0,4
0.0,155.0,7
0.0,156.0,8
0.0,157.0,8
0.0,158.0,8
0.0,159.0,9
0.0,160.0,4
0.0,161.0,10
0.0,162.0,4
0.0,163.0,9
0.0,164.0,3
0.0,165.0,8
0.0,166.0,8
0.0,167.0,11
0.0,168.0,6
0.0,169.0,4
0.0,170.0,10
0.0,171.0,6
0.0,172.0,4
0.0,173.0,8
0.0,174.0,4
0.0,175.0,2
0.0,176.0,5
0.0,177.0,7
0.0,178.0,17
0.0,179.0,6
0.0,180.0,8
0.0,181.0,9
0.0,182.0,5
0.0,183.0,9
0.0,184.0,12
0.0,185.0,9
0.0,186.0,6
0.0,187.0,7
0.0,188.0,12
0.0,189.0,2
0.0,190.0,8
0.0,191.0,7
0.0,192.0,8
0.0,193.0,5
0.0,194.0,11
0.0,195.0,8
0.0,196.0,10
0.0,197.0,10
0.0,198.0,5
0.0,199.0,6
0.0,200.0,7
0.0,201.0,8
0.0,202.0,8
0.0,203.0,5
0.0,204.0,5
0.0,205.0,8
0.0,206.0,5
0.0,207.0,3
0.0,208.0,8
0.0,209.0,6
0.0,210.0,6
0.0,211.0,8
0.0,212.0,7
0.0,213.0,4
0.0,214.0,7
0.0,215.0,5
0.0,216.0,4
0.0,217.0,4
0.0,218.0,3
0.0,219.0,5
0.0,220.0,5
0.0,221.0,7
0.0,222.0,4
0.0,223.0,7
0.0,224.0,6
0.0,225.0,6
0.0,226.0,6
0.0,227.0,3
0.0,228.0,6
0.0,229.0,8
0.0,230.0,2
0.0,231.0,9
0.0,232.0,7
0.0,233.0,1
0.0,234.0,10
0.0,235.0,5
0.0,236.0,4
0.0,237.0,8
0.0,238.0,3
0.0,239.0,2
0.0,240.0,2
0.0,241.0,2
0.0,242.0,2
0.0,243.0,6
0.0,244.0,7
0.0,246.0,1
0.0,247.0,4
0.0,248.0,2
0.0,249.0,1
0.0,250.0,5
0.0,251.0,4
0.0,252.0,4
0.0,253.0,4
0.0,254.0,3
0.0,255.0,3
0.0,256.0,2
0.0,257.0,3
0.0,258.0,1
0.0,259.0,6
0.0,260.0,2
0.0,261.0,5
0.0,262.0,1
0.0,263.0,6
0.0,264.0,2
0.0,265.0,1
0.0,266.0,4
0.0,267.0,3
0.0,268.0,5
0.0,269.0,3
0.0,270.0,7
0.0,271.0,5
0.0,272.0,5
0.0,273.0,4
0.0,274.0,2
0.0,275.0,5
0.0,276.0,1
0.0,277.0,5
0.0,278.0,4
0.0,279.0,2
0.0,280.0,2
0.0,281.0,4
0.0,282.0,3
0.0,283.0,1
0.0,284.0,2
0.0,285.0,5
0.0,286.0,3
0.0,287.0,1
0.0,288.0,2
0.0,289.0,1
0.0,290.0,3
0.0,293.0,3
0.0,295.0,3
0.0,296.0,1
0.0,299.0,2
0.0,300.0,3
0.0,301.0,2
0.0,303.0,1
0.0,304.0,2
0.0,305.0,2
0.0,306.0,1
0.0,307.0,1
0.0,308.0,1
0.0,309.0,3
0.0,310.0,1
0.0,311.0,1
0.0,312.0,2
0.0,313.0,1
0.0,314.0,4
0.0,316.0,2
0.0,317.0,2
0.0,318.0,1
0.0,320.0,6
0.0,321.0,1
0.0,323.0,1
0.0,324.0,3
0.0,326.0,1
0.0,327.0,2
0.0,328.0,1
0.0,331.0,3
0.0,332.0,1
0.0,333.0,3
0.0,335.0,1
0.0,336.0,1
0.0,338.0,1
0.0,339.0,1
0.0,340.0,3
0.0,341.0,2
0.0,343.0,2
0.0,344.0,2
0.0,346.0,1
0.0,349.0,3
0.0,350.0,1
0.0,353.0,1
0.0,355.0,1
0.0,358.0,1
0.0,361.0,2
0.0,363.0,1
0.0,365.0,3
0.0,369.0,2
0.0,373.0,2
0.0,374.0,1
0.0,382.0,1
0.0,385.0,2
0.0,386.0,1
0.0,388.0,2
0.0,389.0,1
0.0,392.0,2
0.0,393.0,2
0.0,394.0,2
0.0,395.0,1
0.0,399.0,1
0.0,400.0,2
0.0,401.0,1
0.0,403.0,1
0.0,404.0,1
0.0,407.0,1
0.0,411.0,1
0.0,413.0,1
0.0,414.0,1
0.0,415.0,1
0.0,418.0,2
0.0,419.0,1
0.0,426.0,1
0.0,428.0,1
0.0,431.0,2
0.0,432.0,3
0.0,441.0,1
0.0,444.0,1
0.0,448.0,1
0.0,450.0,1
0.0,455.0,1
0.0,459.0,1
0.0,464.0,1
0.0,475.0,1
0.0,478.0,1
0.0,479.0,2
0.0,481.0,1
0.0,484.0,2
0.0,485.0,2
0.0,493.0,1
0.0,494.0,1
0.0,501.0,2
0.0,506.0,1
0.0,508.0,1
0.0,514.0,1
0.0,516.0,1
0.0,518.0,1
0.0,522.0,1
0.0,525.0,1
0.0,527.0,1
0.0,530.0,2
0.0,531.0,1
0.0,535.0,1
0.0,537.0,1
0.0,546.0,1
0.0,550.0,1
0.0,554.0,2
0.0,557.0,1
0.0,558.0,2
0.0,559.0,1
0.0,567.0,1
0.0,569.0,2
0.0,577.0,2
0.0,583.0,1
0.0,588.0,1
0.0,597.0,1
0.0,608.0,2
0.0,615.0,1
0.0,622.0,1
0.0,634.0,1
0.0,637.0,1
0.0,655.0,1
0.0,659.0,1
0.0,663.0,1
0.0,671.0,1
0.0,674.0,1
0.0,686.0,1
0.0,697.0,1
0.0,699.0,1
0.0,709.0,1
0.0,710.0,1
0.0,711.0,1
0.0,714.0,1
0.0,719.0,1
0.0,720.0,1
0.0,748.0,1
0.0,757.0,1
0.0,759.0,1
0.0,761.0,1
0.0,767.0,1
0.0,770.0,1
0.0,786.0,1
0.0,825.0,1
0.0,829.0,1
0.0,847.0,1
0.0,859.0,1
0.0,865.0,2
0.0,876.0,1
0.0,879.0,1
0.0,889.0,1
0.0,894.0,1
0.0,897.0,1
0.0,929.0,1
0.0,938.0,1
0.0,952.0,1
0.0,955.0,1
0.0,960.0,1
0.0,965.0,1
0.0,983.0,1
0.0,1030.0,1
0.0,1070.0,1
0.0,1098.0,1
0.0,1117.0,1
0.0,1155.0,1
0.0,1171.0,1
0.0,1216.0,1
0.0,1220.0,1
0.0,1241.0,1
0.0,1248.0,1
0.0,1292.0,1
0.0,1321.0,1
0.0,1364.0,1
0.0,1483.0,1
0.0,1489.0,1
0.0,1626.0,1
0.0,1683.0,1
0.0,1874.0,1
0.0,2168.0,1
0.0,2740.0,1
0.0,3869.0,1
0.0,,2624
1.0,4.0,4
1.0,5.0,4
1.0,6.0,3
1.0,7.0,13
1.0,8.0,17
1.0,9.0,7
1.0,10.0,17
1.0,11.0,15
1.0,12.0,17
1.0,13.0,22
1.0,14.0,24
1.0,15.0,21
1.0,16.0,17
1.0,17.0,21
1.0,18.0,32
1.0,19.0,27
1.0,20.0,25
1.0,21.0,38
1.0,22.0,43
1.0,23.0,48
1.0,24.0,40
1.0,25.0,50
1.0,26.0,60
1.0,27.0,70
1.0,28.0,81
1.0,29.0,76
1.0,30.0,93
1.0,31.0,117
1.0,32.0,126
1.0,33.0,147
1.0,34.0,166
1.0,35.0,150
1.0,36.0,176
1.0,37.0,205
1.0,38.0,201
1.0,39.0,234
1.0,40.0,272
1.0,41.0,259
1.0,42.0,266
1.0,43.0,308
1.0,44.0,318
1.0,45.0,325
1.0,46.0,282
1.0,47.0,329
1.0,48.0,355
1.0,49.0,328
1.0,50.0,325
1.0,51.0,321
1.0,52.0,313
1.0,53.0,303
1.0,54.0,299
1.0,55.0,293
1.0,56.0,301
1.0,57.0,299
1.0,58.0,281
1.0,59.0,295
1.0,60.0,281
1.0,61.0,258
1.0,62.0,273
1.0,63.0,286
1.0,64.0,256
1.0,65.0,251
1.0,66.0,244
1.0,67.0,245
1.0,68.0,212
1.0,69.0,239
1.0,70.0,194
1.0,71.0,199
1.0,72.0,188
1.0,73.0,176
1.0,74.0,191
1.0,75.0,188
1.0,76.0,173
1.0,77.0,199
1.0,78.0,189
1.0,79.0,164
1.0,80.0,150
1.0,81.0,155
1.0,82.0,141
1.0,83.0,137
1.0,84.0,100
1.0,85.0,149
1.0,86.0,167
1.0,87.0,108
1.0,88.0,127
1.0,89.0,116
1.0,90.0,105
1.0,91.0,112
1.0,92.0,129
1.0,93.0,101
1.0,94.0,106
1.0,95.0,104
1.0,96.0,111
1.0,97.0,91
1.0,98.0,100
1.0,99.0,85
1.0,100.0,74
1.0,101.0,82
1.0,102.0,72
1.0,103.0,89
1.0,104.0,64
1.0,105.0,82
1.0,106.0,72
1.0,107.0,65
1.0,108.0,58
1.0,109.0,63
1.0,110.0,58
1.0,111.0,75
1.0,112.0,41
1.0,113.0,49
1.0,114.0,62
1.0,115.0,49
1.0,116.0,48
1.0,117.0,48
1.0,118.0,60
1.0,119.0,34
1.0,120.0,46
1.0,121.0,31
1.0,122.0,32
1.0,123.0,51
1.0,124.0,45
1.0,125.0,31
1.0,126.0,36
1.0,127.0,32
1.0,128.0,25
1.0,129.0,34
1.0,130.0,38
1.0,131.0,28
1.0,132.0,28
1.0,133.0,23
1.0,134.0,19
1.0,135.0,34
1.0,136.0,30
1.0,137.0,11
1.0,138.0,25
1.0,139.0,29
1.0,140.0,18
1.0,141.0,20
1.0,142.0,20
1.0,143.0,14
1.0,144.0,20
1.0,145.0,13
1.0,146.0,18
1.0,147.0,21
1.0,148.0,18
1.0,149.0,14
1.0,150.0,18
1.0,151.0,14
1.0,152.0,20
1.0,153.0,10
1.0,154.0,9
1.0,155.0,12
1.0,156.0,13
1.0,157.0,11
1.0,158.0,8
1.0,159.0,8
1.0,160.0,14
1.0,161.0,9
1.0,162.0,11
1.0,163.0,11
1.0,164.0,11
1.0,165.0,10
1.0,166.0,6
1.0,167.0,9
1.0,168.0,10
1.0,169.0,5
1.0,170.0,6
1.0,171.0,2
1.0,172.0,4
1.0,173.0,7
1.0,174.0,3
1.0,175.0,5
1.0,176.0,2
1.0,177.0,6
1.0,178.0,6
1.0,179.0,4
1.0,180.0,3
1.0,181.0,3
1.0,182.0,2
1.0,183.0,2
1.0,184.0,4
1.0,185.0,6
1.0,186.0,3
1.0,187.0,1
1.0,188.0,3
1.0,189.0,2
1.0,190.0,3
1.0,192.0,4
1.0,195.0,1
1.0,196.0,2
1.0,197.0,2
1.0,198.0,1
1.0,199.0,1
1.0,200.0,2
1.0,201.0,1
1.0,202.0,5
1.0,203.0,2
1.0,204.0,1
1.0,205.0,3
1.0,206.0,2
1.0,207.0,2
1.0,208.0,2
1.0,209.0,2
1.0,210.0,2
1.0,211.0,1
1.0,214.0,1
1.0,218.0,1
1.0,219.0,1
1.0,222.0,2
1.0,226.0,2
1.0,227.0,1
1.0,232.0,1
1.0,233.0,1
1.0,239.0,1
1.0,244.0,1
1.0,245.0,1
1.0,275.0,1
1.0,,5678
