cbin,mgbin,n
-3.0,-7.0,1
-3.0,-6.0,2
-3.0,-5.0,1
-3.0,-4.0,1
-3.0,-3.0,1
-2.0,-8.0,1
-2.0,-7.0,1
-2.0,-6.0,1
-2.0,-5.0,4
-2.0,-4.0,4
-2.0,-3.0,5
-2.0,-2.0,6
-2.0,-1.0,1
-1.0,-9.0,1
-1.0,-5.0,5
-1.0,-4.0,6
-1.0,-3.0,9
-1.0,-2.0,26
-1.0,-1.0,14
-1.0,0.0,16
-1.0,1.0,3
-1.0,2.0,1
0.0,-9.0,2
0.0,-8.0,1
0.0,-7.0,3
0.0,-6.0,5
0.0,-5.0,10
0.0,-4.0,14
0.0,-3.0,24
0.0,-2.0,29
0.0,-1.0,49
0.0,0.0,42
0.0,1.0,36
0.0,2.0,19
0.0,3.0,1
1.0,-8.0,1
1.0,-7.0,1
1.0,-6.0,5
1.0,-5.0,13
1.0,-4.0,12
1.0,-3.0,25
1.0,-2.0,41
1.0,-1.0,49
1.0,0.0,77
1.0,1.0,89
1.0,2.0,79
1.0,3.0,22
1.0,4.0,4
1.0,5.0,1
1.0,10.0,1
2.0,-10.0,1
2.0,-9.0,1
2.0,-8.0,2
2.0,-7.0,3
2.0,-6.0,3
2.0,-5.0,14
2.0,-4.0,18
2.0,-3.0,25
2.0,-2.0,45
2.0,-1.0,64
2.0,0.0,100
2.0,1.0,122
2.0,2.0,161
2.0,3.0,110
2.0,4.0,39
2.0,5.0,2
3.0,-8.0,1
3.0,-7.0,5
3.0,-6.0,7
3.0,-5.0,15
3.0,-4.0,21
3.0,-3.0,34
3.0,-2.0,46
3.0,-1.0,65
3.0,0.0,107
3.0,1.0,200
3.0,2.0,251
3.0,3.0,279
3.0,4.0,179
3.0,5.0,26
4.0,-10.0,1
4.0,-8.0,1
4.0,-7.0,1
4.0,-6.0,8
4.0,-5.0,8
4.0,-4.0,15
4.0,-3.0,30
4.0,-2.0,44
4.0,-1.0,56
4.0,0.0,119
4.0,1.0,165
4.0,2.0,308
4.0,3.0,434
4.0,4.0,426
4.0,5.0,189
4.0,6.0,7
4.0,7.0,2
4.0,8.0,1
5.0,-6.0,6
5.0,-5.0,13
5.0,-4.0,15
5.0,-3.0,24
5.0,-2.0,34
5.0,-1.0,57
5.0,0.0,102
5.0,1.0,182
5.0,2.0,334
5.0,3.0,506
5.0,4.0,741
5.0,5.0,585
5.0,6.0,124
5.0,7.0,6
6.0,-7.0,2
6.0,-6.0,4
6.0,-5.0,5
6.0,-4.0,13
6.0,-3.0,27
6.0,-2.0,35
6.0,-1.0,35
6.0,0.0,87
6.0,1.0,135
6.0,2.0,292
6.0,3.0,627
6.0,4.0,759
6.0,5.0,855
6.0,6.0,571
6.0,7.0,100
6.0,8.0,6
6.0,9.0,4
6.0,10.0,1
7.0,-9.0,1
7.0,-8.0,2
7.0,-7.0,1
7.0,-6.0,4
7.0,-5.0,6
7.0,-4.0,10
7.0,-3.0,18
7.0,-2.0,25
7.0,-1.0,46
7.0,0.0,74
7.0,1.0,98
7.0,2.0,228
7.0,3.0,427
7.0,4.0,620
7.0,5.0,757
7.0,6.0,875
7.0,7.0,583
7.0,8.0,84
7.0,9.0,7
7.0,10.0,2
8.0,-7.0,2
8.0,-6.0,2
8.0,-5.0,6
8.0,-4.0,5
8.0,-3.0,8
8.0,-2.0,23
8.0,-1.0,32
8.0,0.0,54
8.0,1.0,72
8.0,2.0,150
8.0,3.0,324
8.0,4.0,404
8.0,5.0,440
8.0,6.0,536
8.0,7.0,684
8.0,8.0,435
8.0,9.0,73
8.0,10.0,6
8.0,11.0,1
8.0,15.0,1
9.0,-9.0,1
9.0,-6.0,2
9.0,-5.0,6
9.0,-4.0,10
9.0,-3.0,20
9.0,-2.0,15
9.0,-1.0,31
9.0,0.0,49
9.0,1.0,58
9.0,2.0,111
9.0,3.0,173
9.0,4.0,235
9.0,5.0,264
9.0,6.0,247
9.0,7.0,325
9.0,8.0,439
9.0,9.0,302
9.0,10.0,43
9.0,11.0,4
9.0,12.0,1
9.0,13.0,1
10.0,-6.0,4
10.0,-5.0,1
10.0,-4.0,14
10.0,-3.0,13
10.0,-2.0,18
10.0,-1.0,30
10.0,0.0,50
10.0,1.0,60
10.0,2.0,62
10.0,3.0,112
10.0,4.0,173
10.0,5.0,193
10.0,6.0,155
10.0,7.0,129
10.0,8.0,184
10.0,9.0,244
10.0,10.0,171
10.0,11.0,14
10.0,12.0,3
10.0,13.0,1
11.0,-6.0,2
11.0,-5.0,1
11.0,-4.0,7
11.0,-3.0,13
11.0,-2.0,13
11.0,-1.0,35
11.0,0.0,46
11.0,1.0,45
11.0,2.0,76
11.0,3.0,111
11.0,4.0,106
11.0,5.0,133
11.0,6.0,99
11.0,7.0,70
11.0,8.0,86
11.0,9.0,102
11.0,10.0,167
11.0,11.0,70
11.0,12.0,8
11.0,13.0,6
12.0,-11.0,1
12.0,-6.0,2
12.0,-5.0,3
12.0,-4.0,6
12.0,-3.0,8
12.0,-2.0,16
12.0,-1.0,30
12.0,0.0,34
12.0,1.0,55
12.0,2.0,55
12.0,3.0,68
12.0,4.0,69
12.0,5.0,71
12.0,6.0,60
12.0,7.0,52
12.0,8.0,30
12.0,9.0,29
12.0,10.0,49
12.0,11.0,104
12.0,12.0,24
13.0,-9.0,1
13.0,-8.0,1
13.0,-6.0,1
13.0,-5.0,3
13.0,-4.0,5
13.0,-3.0,8
13.0,-2.0,12
13.0,-1.0,18
13.0,0.0,30
13.0,1.0,50
13.0,2.0,60
13.0,3.0,44
13.0,4.0,50
13.0,5.0,45
13.0,6.0,31
13.0,7.0,31
13.0,8.0,18
13.0,9.0,15
13.0,10.0,12
13.0,11.0,44
13.0,12.0,33
13.0,13.0,10
13.0,16.0,1
14.0,-8.0,1
14.0,-6.0,1
14.0,-5.0,1
14.0,-4.0,2
14.0,-3.0,8
14.0,-2.0,14
14.0,-1.0,16
14.0,0.0,28
14.0,1.0,35
14.0,2.0,53
14.0,3.0,32
14.0,4.0,32
14.0,5.0,23
14.0,6.0,31
14.0,7.0,12
14.0,8.0,8
14.0,9.0,10
14.0,10.0,12
14.0,11.0,16
14.0,12.0,31
14.0,13.0,9
14.0,14.0,4
15.0,-6.0,1
15.0,-5.0,3
15.0,-4.0,4
15.0,-3.0,4
15.0,-2.0,9
15.0,-1.0,14
15.0,0.0,23
15.0,1.0,32
15.0,2.0,38
15.0,3.0,23
15.0,4.0,21
15.0,5.0,20
15.0,6.0,9
15.0,7.0,10
15.0,8.0,7
15.0,9.0,6
15.0,10.0,1
15.0,11.0,5
15.0,12.0,11
15.0,13.0,14
15.0,14.0,3
16.0,-8.0,1
16.0,-6.0,1
16.0,-5.0,1
16.0,-3.0,5
16.0,-2.0,9
16.0,-1.0,10
16.0,0.0,22
16.0,1.0,15
16.0,2.0,33
16.0,3.0,21
16.0,4.0,7
16.0,5.0,10
16.0,6.0,4
16.0,7.0,9
16.0,8.0,3
16.0,9.0,6
16.0,10.0,2
16.0,11.0,2
16.0,12.0,4
16.0,13.0,11
16.0,14.0,8
16.0,15.0,1
16.0,17.0,1
17.0,-8.0,1
17.0,-4.0,2
17.0,-3.0,6
17.0,-2.0,10
17.0,-1.0,6
17.0,0.0,10
17.0,1.0,13
17.0,2.0,16
17.0,3.0,11
17.0,4.0,10
17.0,5.0,5
17.0,6.0,4
17.0,7.0,5
17.0,8.0,5
17.0,9.0,1
17.0,10.0,2
17.0,11.0,1
17.0,12.0,1
17.0,13.0,7
17.0,14.0,16
17.0,15.0,7
18.0,-5.0,1
18.0,-3.0,1
18.0,-2.0,3
18.0,-1.0,7
18.0,0.0,6
18.0,1.0,7
18.0,2.0,11
18.0,3.0,12
18.0,4.0,4
18.0,5.0,3
18.0,9.0,2
18.0,10.0,1
18.0,13.0,2
18.0,14.0,9
18.0,15.0,3
18.0,16.0,1
19.0,-5.0,1
19.0,-4.0,2
19.0,-2.0,1
19.0,-1.0,3
19.0,0.0,6
19.0,1.0,10
19.0,2.0,6
19.0,3.0,7
19.0,4.0,3
19.0,5.0,3
19.0,6.0,3
19.0,7.0,1
19.0,9.0,2
19.0,14.0,4
19.0,15.0,4
19.0,16.0,2
20.0,-3.0,1
20.0,-2.0,6
20.0,-1.0,5
20.0,0.0,3
20.0,1.0,7
20.0,2.0,2
20.0,3.0,4
20.0,4.0,2
20.0,5.0,3
20.0,6.0,2
20.0,7.0,1
20.0,8.0,1
20.0,12.0,1
20.0,15.0,5
20.0,16.0,3
20.0,17.0,1
21.0,-4.0,1
21.0,-3.0,1
21.0,-2.0,3
21.0,-1.0,1
21.0,0.0,5
21.0,1.0,1
21.0,2.0,2
21.0,3.0,1
21.0,4.0,3
21.0,5.0,1
21.0,6.0,1
21.0,7.0,2
21.0,14.0,2
21.0,15.0,1
21.0,17.0,1
22.0,-4.0,1
22.0,-2.0,1
22.0,-1.0,4
22.0,0.0,6
22.0,1.0,2
22.0,2.0,5
22.0,3.0,2
22.0,4.0,1
22.0,15.0,1
22.0,16.0,2
22.0,17.0,1
22.0,18.0,1
23.0,-7.0,1
23.0,-4.0,1
23.0,-3.0,2
23.0,-2.0,1
23.0,-1.0,1
23.0,0.0,3
23.0,1.0,1
23.0,2.0,1
23.0,4.0,1
23.0,5.0,1
23.0,7.0,1
23.0,17.0,1
24.0,-1.0,1
24.0,0.0,2
24.0,1.0,5
24.0,2.0,1
24.0,4.0,2
24.0,5.0,1
24.0,16.0,3
24.0,17.0,1
24.0,18.0,1
25.0,-2.0,2
25.0,-1.0,2
25.0,0.0,2
25.0,2.0,1
25.0,3.0,2
25.0,19.0,2
26.0,0.0,2
26.0,1.0,2
26.0,2.0,1
26.0,4.0,2
26.0,16.0,1
26.0,17.0,1
26.0,19.0,1
27.0,-1.0,1
27.0,0.0,3
27.0,1.0,1
27.0,2.0,1
27.0,4.0,1
27.0,18.0,1
27.0,19.0,1
28.0,-2.0,1
28.0,1.0,2
28.0,2.0,1
28.0,19.0,1
29.0,-1.0,1
29.0,0.0,1
29.0,1.0,1
30.0,0.0,1
35.0,3.0,1
,4.0,1
