mbin,lbin,plxok,n
3.0,4.0,0.0,1
3.0,6.0,1.0,1
4.0,6.0,0.0,1
4.0,7.0,1.0,3
4.0,,0.0,1
5.0,2.0,1.0,1
5.0,3.0,1.0,1
5.0,4.0,0.0,1
5.0,6.0,1.0,3
5.0,7.0,1.0,15
5.0,8.0,1.0,1
5.0,,0.0,1
5.0,,1.0,8
6.0,3.0,0.0,2
6.0,4.0,1.0,2
6.0,5.0,0.0,2
6.0,5.0,1.0,1
6.0,6.0,1.0,16
6.0,7.0,0.0,2
6.0,7.0,1.0,50
6.0,8.0,1.0,8
6.0,,0.0,8
6.0,,1.0,28
7.0,3.0,1.0,3
7.0,4.0,1.0,1
7.0,5.0,0.0,1
7.0,5.0,1.0,8
7.0,6.0,0.0,6
7.0,6.0,1.0,37
7.0,7.0,0.0,3
7.0,7.0,1.0,133
7.0,8.0,1.0,38
7.0,9.0,1.0,1
7.0,,0.0,10
7.0,,1.0,116
8.0,3.0,1.0,6
8.0,4.0,0.0,1
8.0,4.0,1.0,10
8.0,5.0,0.0,3
8.0,5.0,1.0,29
8.0,6.0,0.0,6
8.0,6.0,1.0,86
8.0,7.0,0.0,9
8.0,7.0,1.0,378
8.0,8.0,0.0,5
8.0,8.0,1.0,176
8.0,9.0,1.0,1
8.0,,0.0,21
8.0,,1.0,252
9.0,2.0,1.0,4
9.0,3.0,0.0,2
9.0,3.0,1.0,5
9.0,4.0,0.0,1
9.0,4.0,1.0,17
9.0,5.0,0.0,10
9.0,5.0,1.0,51
9.0,6.0,0.0,16
9.0,6.0,1.0,159
9.0,7.0,0.0,25
9.0,7.0,1.0,946
9.0,8.0,0.0,13
9.0,8.0,1.0,481
9.0,9.0,0.0,1
9.0,9.0,1.0,1
9.0,,0.0,62
9.0,,1.0,609
10.0,2.0,0.0,1
10.0,2.0,1.0,2
10.0,3.0,0.0,4
10.0,3.0,1.0,10
10.0,4.0,0.0,4
10.0,4.0,1.0,46
10.0,5.0,0.0,19
10.0,5.0,1.0,114
10.0,6.0,0.0,49
10.0,6.0,1.0,443
10.0,7.0,0.0,89
10.0,7.0,1.0,2275
10.0,8.0,0.0,54
10.0,8.0,1.0,1663
10.0,9.0,0.0,5
10.0,9.0,1.0,14
10.0,,0.0,111
10.0,,1.0,1556
11.0,2.0,0.0,1
11.0,3.0,0.0,6
11.0,3.0,1.0,15
11.0,4.0,0.0,21
11.0,4.0,1.0,67
11.0,5.0,0.0,42
11.0,5.0,1.0,243
11.0,6.0,0.0,133
11.0,6.0,1.0,892
11.0,7.0,0.0,287
11.0,7.0,1.0,5671
11.0,8.0,0.0,229
11.0,8.0,1.0,5243
11.0,9.0,0.0,22
11.0,9.0,1.0,61
11.0,,0.0,303
11.0,,1.0,3657
