ebin,bbin,faint,n
-9.0,2.0,0.0,8
-9.0,2.0,1.0,74
-9.0,3.0,0.0,12
-9.0,3.0,1.0,38
-8.0,0.0,1.0,1
-8.0,1.0,0.0,33
-8.0,1.0,1.0,166
-8.0,2.0,0.0,18
-8.0,2.0,1.0,109
-8.0,3.0,0.0,17
-8.0,3.0,1.0,76
-8.0,4.0,0.0,14
-8.0,4.0,1.0,43
-7.0,0.0,0.0,87
-7.0,0.0,1.0,610
-7.0,1.0,0.0,27
-7.0,1.0,1.0,236
-7.0,2.0,0.0,11
-7.0,2.0,1.0,110
-7.0,3.0,0.0,16
-7.0,3.0,1.0,62
-7.0,4.0,0.0,12
-7.0,4.0,1.0,64
-7.0,5.0,0.0,9
-7.0,5.0,1.0,44
-6.0,0.0,0.0,244
-6.0,0.0,1.0,1538
-6.0,1.0,0.0,29
-6.0,1.0,1.0,223
-6.0,2.0,0.0,11
-6.0,2.0,1.0,113
-6.0,3.0,0.0,13
-6.0,3.0,1.0,67
-6.0,4.0,0.0,11
-6.0,4.0,1.0,63
-6.0,5.0,0.0,15
-6.0,5.0,1.0,56
-6.0,6.0,0.0,19
-6.0,6.0,1.0,42
-5.0,0.0,0.0,195
-5.0,0.0,1.0,1442
-5.0,1.0,0.0,92
-5.0,1.0,1.0,548
-5.0,2.0,0.0,18
-5.0,2.0,1.0,101
-5.0,3.0,0.0,16
-5.0,3.0,1.0,73
-5.0,4.0,0.0,14
-5.0,4.0,1.0,44
-5.0,5.0,0.0,12
-5.0,5.0,1.0,26
-5.0,6.0,0.0,9
-5.0,6.0,1.0,38
-5.0,7.0,0.0,8
-5.0,7.0,1.0,37
-4.0,0.0,0.0,147
-4.0,0.0,1.0,922
-4.0,1.0,0.0,71
-4.0,1.0,1.0,425
-4.0,2.0,0.0,42
-4.0,2.0,1.0,283
-4.0,3.0,0.0,5
-4.0,3.0,1.0,58
-4.0,4.0,0.0,12
-4.0,4.0,1.0,51
-4.0,5.0,0.0,9
-4.0,5.0,1.0,42
-4.0,6.0,0.0,11
-4.0,6.0,1.0,37
-4.0,7.0,0.0,7
-4.0,7.0,1.0,33
-4.0,8.0,0.0,4
-4.0,8.0,1.0,20
-3.0,0.0,0.0,107
-3.0,0.0,1.0,787
-3.0,1.0,0.0,56
-3.0,1.0,1.0,351
-3.0,2.0,0.0,47
-3.0,2.0,1.0,248
-3.0,3.0,0.0,29
-3.0,3.0,1.0,162
-3.0,4.0,0.0,9
-3.0,4.0,1.0,45
-3.0,5.0,0.0,5
-3.0,5.0,1.0,38
-3.0,6.0,0.0,3
-3.0,6.0,1.0,26
-3.0,7.0,0.0,10
-3.0,7.0,1.0,23
-3.0,8.0,0.0,8
-3.0,8.0,1.0,26
-2.0,0.0,0.0,117
-2.0,0.0,1.0,721
-2.0,1.0,0.0,51
-2.0,1.0,1.0,315
-2.0,2.0,0.0,40
-2.0,2.0,1.0,198
-2.0,3.0,0.0,32
-2.0,3.0,1.0,135
-2.0,4.0,0.0,37
-2.0,4.0,1.0,115
-2.0,5.0,0.0,8
-2.0,5.0,1.0,43
-2.0,6.0,0.0,10
-2.0,6.0,1.0,48
-2.0,7.0,0.0,7
-2.0,7.0,1.0,26
-1.0,0.0,0.0,70
-1.0,0.0,1.0,635
-1.0,1.0,0.0,40
-1.0,1.0,1.0,246
-1.0,2.0,0.0,33
-1.0,2.0,1.0,184
-1.0,3.0,0.0,16
-1.0,3.0,1.0,136
-1.0,4.0,0.0,35
-1.0,4.0,1.0,90
-1.0,5.0,0.0,21
-1.0,5.0,1.0,117
-1.0,6.0,0.0,11
-1.0,6.0,1.0,31
0.0,0.0,0.0,78
0.0,0.0,1.0,594
0.0,1.0,0.0,34
0.0,1.0,1.0,257
0.0,2.0,0.0,28
0.0,2.0,1.0,180
0.0,3.0,0.0,26
0.0,3.0,1.0,108
0.0,4.0,0.0,12
0.0,4.0,1.0,112
0.0,5.0,0.0,23
0.0,5.0,1.0,83
0.0,6.0,0.0,6
0.0,6.0,1.0,42
0.0,7.0,1.0,1
1.0,0.0,0.0,67
1.0,0.0,1.0,467
1.0,1.0,0.0,38
1.0,1.0,1.0,223
1.0,2.0,0.0,38
1.0,2.0,1.0,181
1.0,3.0,0.0,27
1.0,3.0,1.0,164
1.0,4.0,0.0,24
1.0,4.0,1.0,122
1.0,5.0,0.0,9
1.0,5.0,1.0,32
1.0,6.0,0.0,11
1.0,6.0,1.0,36
1.0,7.0,0.0,6
1.0,7.0,1.0,34
2.0,0.0,0.0,68
2.0,0.0,1.0,470
2.0,1.0,0.0,61
2.0,1.0,1.0,310
2.0,2.0,0.0,31
2.0,2.0,1.0,243
2.0,3.0,0.0,32
2.0,3.0,1.0,169
2.0,4.0,0.0,10
2.0,4.0,1.0,43
2.0,5.0,0.0,4
2.0,5.0,1.0,32
2.0,6.0,0.0,5
2.0,6.0,1.0,15
2.0,7.0,0.0,6
2.0,7.0,1.0,23
2.0,8.0,0.0,6
2.0,8.0,1.0,15
3.0,0.0,0.0,105
3.0,0.0,1.0,642
3.0,1.0,0.0,57
3.0,1.0,1.0,442
3.0,2.0,0.0,45
3.0,2.0,1.0,297
3.0,3.0,0.0,13
3.0,3.0,1.0,64
3.0,4.0,0.0,12
3.0,4.0,1.0,40
3.0,5.0,0.0,4
3.0,5.0,1.0,23
3.0,6.0,0.0,7
3.0,6.0,1.0,30
3.0,7.0,0.0,9
3.0,7.0,1.0,23
3.0,8.0,0.0,5
3.0,8.0,1.0,13
4.0,0.0,0.0,151
4.0,0.0,1.0,1094
4.0,1.0,0.0,106
4.0,1.0,1.0,535
4.0,2.0,0.0,17
4.0,2.0,1.0,103
4.0,3.0,0.0,15
4.0,3.0,1.0,58
4.0,4.0,0.0,10
4.0,4.0,1.0,48
4.0,5.0,0.0,5
4.0,5.0,1.0,20
4.0,6.0,0.0,5
4.0,6.0,1.0,43
4.0,7.0,0.0,7
4.0,7.0,1.0,24
5.0,0.0,0.0,243
5.0,0.0,1.0,1450
5.0,1.0,0.0,25
5.0,1.0,1.0,172
5.0,2.0,0.0,19
5.0,2.0,1.0,77
5.0,3.0,0.0,20
5.0,3.0,1.0,54
5.0,4.0,0.0,6
5.0,4.0,1.0,46
5.0,5.0,0.0,13
5.0,5.0,1.0,30
5.0,6.0,0.0,7
5.0,6.0,1.0,30
6.0,0.0,0.0,80
6.0,0.0,1.0,491
6.0,1.0,0.0,37
6.0,1.0,1.0,205
6.0,2.0,0.0,11
6.0,2.0,1.0,83
6.0,3.0,0.0,10
6.0,3.0,1.0,52
6.0,4.0,0.0,14
6.0,4.0,1.0,57
6.0,5.0,0.0,11
6.0,5.0,1.0,47
7.0,1.0,0.0,32
7.0,1.0,1.0,146
7.0,2.0,0.0,20
7.0,2.0,1.0,86
7.0,3.0,0.0,10
7.0,3.0,1.0,51
7.0,4.0,0.0,12
7.0,4.0,1.0,36
8.0,2.0,0.0,17
8.0,2.0,1.0,76
8.0,3.0,0.0,10
8.0,3.0,1.0,47
