mbin,pbin,tcls,n
11.0,0.0,2.0,1
11.0,0.0,4.0,1
11.0,0.0,5.0,1
11.0,1.0,4.0,1
11.0,1.0,5.0,1
11.0,2.0,4.0,2
11.0,3.0,3.0,1
12.0,-1.0,2.0,1
12.0,-1.0,3.0,1
12.0,0.0,3.0,1
12.0,0.0,5.0,2
12.0,1.0,3.0,1
12.0,1.0,5.0,1
12.0,2.0,4.0,1
12.0,2.0,5.0,4
12.0,3.0,3.0,1
12.0,3.0,4.0,1
12.0,4.0,4.0,1
12.0,8.0,3.0,1
13.0,-1.0,4.0,1
13.0,-1.0,5.0,2
13.0,0.0,2.0,1
13.0,0.0,5.0,3
13.0,1.0,0.0,1
13.0,1.0,5.0,2
13.0,2.0,4.0,2
13.0,2.0,5.0,3
13.0,3.0,2.0,1
13.0,3.0,4.0,1
13.0,3.0,5.0,1
13.0,4.0,3.0,2
14.0,-2.0,4.0,1
14.0,-1.0,2.0,1
14.0,-1.0,3.0,1
14.0,-1.0,4.0,1
14.0,-1.0,5.0,2
14.0,0.0,3.0,4
14.0,0.0,4.0,2
14.0,0.0,5.0,2
14.0,1.0,4.0,6
14.0,1.0,5.0,1
14.0,2.0,3.0,2
14.0,2.0,4.0,1
14.0,2.0,5.0,1
14.0,3.0,3.0,3
14.0,3.0,4.0,3
14.0,3.0,5.0,1
14.0,4.0,4.0,1
14.0,4.0,5.0,1
14.0,7.0,4.0,1
14.0,9.0,1.0,1
14.0,10.0,4.0,1
15.0,-3.0,2.0,1
15.0,-2.0,1.0,1
15.0,-2.0,3.0,2
15.0,-2.0,4.0,1
15.0,-1.0,3.0,2
15.0,-1.0,4.0,4
15.0,-1.0,5.0,2
15.0,0.0,2.0,1
15.0,0.0,3.0,1
15.0,0.0,4.0,3
15.0,0.0,5.0,7
15.0,1.0,3.0,5
15.0,1.0,4.0,3
15.0,1.0,5.0,8
15.0,2.0,3.0,10
15.0,2.0,4.0,3
15.0,2.0,5.0,7
15.0,3.0,1.0,1
15.0,3.0,3.0,2
15.0,3.0,4.0,2
15.0,3.0,5.0,6
15.0,4.0,3.0,1
15.0,4.0,4.0,2
15.0,4.0,5.0,1
15.0,5.0,2.0,1
15.0,5.0,4.0,1
15.0,5.0,5.0,1
15.0,7.0,3.0,1
16.0,-4.0,4.0,1
16.0,-2.0,1.0,1
16.0,-2.0,2.0,1
16.0,-2.0,3.0,2
16.0,-2.0,5.0,1
16.0,-1.0,2.0,1
16.0,-1.0,3.0,8
16.0,-1.0,4.0,5
16.0,-1.0,5.0,1
16.0,0.0,1.0,1
16.0,0.0,2.0,1
16.0,0.0,3.0,8
16.0,0.0,4.0,4
16.0,0.0,5.0,5
16.0,1.0,2.0,2
16.0,1.0,3.0,10
16.0,1.0,4.0,12
16.0,1.0,5.0,16
16.0,2.0,2.0,3
16.0,2.0,3.0,8
16.0,2.0,4.0,7
16.0,2.0,5.0,2
16.0,3.0,2.0,3
16.0,3.0,3.0,3
16.0,3.0,4.0,3
16.0,3.0,5.0,7
16.0,4.0,2.0,1
16.0,4.0,3.0,2
16.0,4.0,4.0,2
16.0,4.0,5.0,4
16.0,5.0,1.0,1
16.0,5.0,2.0,2
16.0,5.0,5.0,1
16.0,6.0,3.0,1
16.0,6.0,4.0,2
16.0,7.0,3.0,1
17.0,-4.0,3.0,1
17.0,-3.0,1.0,1
17.0,-3.0,2.0,4
17.0,-3.0,3.0,3
17.0,-3.0,5.0,1
17.0,-2.0,1.0,2
17.0,-2.0,3.0,4
17.0,-2.0,4.0,1
17.0,-1.0,2.0,1
17.0,-1.0,3.0,16
17.0,-1.0,4.0,9
17.0,-1.0,5.0,4
17.0,0.0,3.0,24
17.0,0.0,4.0,20
17.0,0.0,5.0,16
17.0,1.0,2.0,2
17.0,1.0,3.0,15
17.0,1.0,4.0,10
17.0,1.0,5.0,17
17.0,2.0,2.0,1
17.0,2.0,3.0,16
17.0,2.0,4.0,11
17.0,2.0,5.0,14
17.0,3.0,3.0,6
17.0,3.0,4.0,3
17.0,3.0,5.0,8
17.0,4.0,1.0,1
17.0,4.0,2.0,1
17.0,4.0,3.0,4
17.0,4.0,4.0,2
17.0,4.0,5.0,3
17.0,5.0,1.0,1
17.0,5.0,2.0,3
17.0,5.0,3.0,2
17.0,5.0,4.0,3
17.0,5.0,5.0,2
17.0,6.0,1.0,1
17.0,6.0,3.0,2
17.0,7.0,5.0,1
17.0,9.0,4.0,1
17.0,9.0,5.0,1
18.0,-4.0,2.0,1
18.0,-4.0,5.0,1
18.0,-3.0,2.0,6
18.0,-3.0,3.0,4
18.0,-3.0,5.0,1
18.0,-2.0,2.0,3
18.0,-2.0,3.0,4
18.0,-2.0,4.0,1
18.0,-1.0,2.0,3
18.0,-1.0,3.0,17
18.0,-1.0,4.0,14
18.0,-1.0,5.0,10
18.0,0.0,1.0,2
18.0,0.0,2.0,4
18.0,0.0,3.0,26
18.0,0.0,4.0,22
18.0,0.0,5.0,16
18.0,1.0,1.0,1
18.0,1.0,2.0,6
18.0,1.0,3.0,27
18.0,1.0,4.0,25
18.0,1.0,5.0,30
18.0,2.0,1.0,1
18.0,2.0,2.0,6
18.0,2.0,3.0,18
18.0,2.0,4.0,11
18.0,2.0,5.0,12
18.0,3.0,1.0,2
18.0,3.0,2.0,4
18.0,3.0,3.0,8
18.0,3.0,4.0,8
18.0,3.0,5.0,6
18.0,4.0,2.0,1
18.0,4.0,3.0,5
18.0,4.0,4.0,1
18.0,4.0,5.0,2
18.0,5.0,1.0,1
18.0,5.0,3.0,2
18.0,5.0,4.0,1
18.0,5.0,5.0,2
18.0,6.0,2.0,2
18.0,6.0,3.0,2
18.0,6.0,5.0,1
18.0,7.0,4.0,1
18.0,8.0,4.0,1
18.0,9.0,1.0,1
19.0,-4.0,2.0,1
19.0,-4.0,3.0,2
19.0,-4.0,4.0,2
19.0,-4.0,5.0,1
19.0,-3.0,1.0,1
19.0,-3.0,2.0,3
19.0,-3.0,3.0,8
19.0,-3.0,4.0,2
19.0,-3.0,5.0,1
19.0,-2.0,1.0,1
19.0,-2.0,2.0,3
19.0,-2.0,3.0,12
19.0,-2.0,4.0,1
19.0,-2.0,5.0,3
19.0,-1.0,2.0,3
19.0,-1.0,3.0,31
19.0,-1.0,4.0,18
19.0,-1.0,5.0,14
19.0,0.0,1.0,1
19.0,0.0,2.0,10
19.0,0.0,3.0,52
19.0,0.0,4.0,28
19.0,0.0,5.0,23
19.0,1.0,1.0,2
19.0,1.0,2.0,5
19.0,1.0,3.0,46
19.0,1.0,4.0,40
19.0,1.0,5.0,35
19.0,2.0,1.0,2
19.0,2.0,2.0,11
19.0,2.0,3.0,25
19.0,2.0,4.0,18
19.0,2.0,5.0,17
19.0,3.0,1.0,2
19.0,3.0,2.0,11
19.0,3.0,3.0,14
19.0,3.0,4.0,18
19.0,3.0,5.0,9
19.0,4.0,2.0,5
19.0,4.0,3.0,11
19.0,4.0,4.0,3
19.0,4.0,5.0,2
19.0,5.0,1.0,1
19.0,5.0,3.0,2
19.0,5.0,4.0,2
19.0,5.0,5.0,2
19.0,6.0,3.0,4
19.0,7.0,1.0,2
19.0,7.0,3.0,1
19.0,8.0,3.0,2
19.0,11.0,1.0,1
20.0,-4.0,3.0,1
20.0,-4.0,4.0,1
20.0,-4.0,5.0,1
20.0,-3.0,1.0,3
20.0,-3.0,2.0,11
20.0,-3.0,3.0,5
20.0,-2.0,1.0,5
20.0,-2.0,2.0,10
20.0,-2.0,3.0,18
20.0,-2.0,4.0,1
20.0,-2.0,5.0,2
20.0,-1.0,1.0,8
20.0,-1.0,2.0,19
20.0,-1.0,3.0,56
20.0,-1.0,4.0,41
20.0,-1.0,5.0,11
20.0,0.0,1.0,3
20.0,0.0,2.0,20
20.0,0.0,3.0,76
20.0,0.0,4.0,51
20.0,0.0,5.0,36
20.0,1.0,1.0,4
20.0,1.0,2.0,20
20.0,1.0,3.0,67
20.0,1.0,4.0,54
20.0,1.0,5.0,41
20.0,2.0,1.0,3
20.0,2.0,2.0,18
20.0,2.0,3.0,57
20.0,2.0,4.0,30
20.0,2.0,5.0,22
20.0,3.0,1.0,2
20.0,3.0,2.0,8
20.0,3.0,3.0,21
20.0,3.0,4.0,15
20.0,3.0,5.0,16
20.0,4.0,1.0,1
20.0,4.0,2.0,9
20.0,4.0,3.0,12
20.0,4.0,4.0,7
20.0,4.0,5.0,5
20.0,5.0,1.0,1
20.0,5.0,2.0,3
20.0,5.0,3.0,6
20.0,5.0,4.0,4
20.0,5.0,5.0,4
20.0,6.0,1.0,4
20.0,6.0,2.0,1
20.0,6.0,3.0,4
20.0,6.0,4.0,1
20.0,6.0,5.0,2
20.0,7.0,1.0,1
20.0,7.0,2.0,1
20.0,9.0,3.0,1
20.0,9.0,4.0,1
20.0,11.0,3.0,1
21.0,-4.0,1.0,2
21.0,-4.0,2.0,1
21.0,-4.0,3.0,2
21.0,-4.0,4.0,1
21.0,-3.0,0.0,2
21.0,-3.0,1.0,5
21.0,-3.0,2.0,18
21.0,-3.0,3.0,4
21.0,-2.0,1.0,10
21.0,-2.0,2.0,11
21.0,-2.0,3.0,35
21.0,-2.0,4.0,15
21.0,-2.0,5.0,1
21.0,-1.0,0.0,2
21.0,-1.0,1.0,8
21.0,-1.0,2.0,23
21.0,-1.0,3.0,70
21.0,-1.0,4.0,47
21.0,-1.0,5.0,17
21.0,0.0,1.0,11
21.0,0.0,2.0,30
21.0,0.0,3.0,109
21.0,0.0,4.0,74
21.0,0.0,5.0,44
21.0,1.0,1.0,4
21.0,1.0,2.0,31
21.0,1.0,3.0,126
21.0,1.0,4.0,78
21.0,1.0,5.0,48
21.0,2.0,1.0,7
21.0,2.0,2.0,32
21.0,2.0,3.0,65
21.0,2.0,4.0,44
21.0,2.0,5.0,30
21.0,3.0,1.0,7
21.0,3.0,2.0,17
21.0,3.0,3.0,37
21.0,3.0,4.0,22
21.0,3.0,5.0,26
21.0,4.0,1.0,1
21.0,4.0,2.0,16
21.0,4.0,3.0,20
21.0,4.0,4.0,12
21.0,4.0,5.0,6
21.0,5.0,1.0,3
21.0,5.0,2.0,4
21.0,5.0,3.0,8
21.0,5.0,4.0,3
21.0,5.0,5.0,1
21.0,6.0,1.0,4
21.0,6.0,2.0,6
21.0,6.0,3.0,3
21.0,6.0,5.0,2
21.0,7.0,1.0,2
21.0,7.0,3.0,5
21.0,7.0,4.0,3
21.0,7.0,5.0,1
21.0,8.0,1.0,1
21.0,8.0,2.0,1
21.0,8.0,3.0,1
21.0,8.0,4.0,3
21.0,8.0,5.0,1
21.0,9.0,3.0,1
21.0,10.0,4.0,2
22.0,-4.0,1.0,2
22.0,-4.0,2.0,6
22.0,-4.0,3.0,6
22.0,-4.0,4.0,2
22.0,-4.0,5.0,3
22.0,-3.0,0.0,1
22.0,-3.0,1.0,11
22.0,-3.0,2.0,40
22.0,-3.0,3.0,29
22.0,-3.0,4.0,1
22.0,-3.0,5.0,1
22.0,-2.0,0.0,1
22.0,-2.0,1.0,24
22.0,-2.0,2.0,38
22.0,-2.0,3.0,67
22.0,-2.0,4.0,21
22.0,-2.0,5.0,2
22.0,-1.0,0.0,1
22.0,-1.0,1.0,6
22.0,-1.0,2.0,40
22.0,-1.0,3.0,122
22.0,-1.0,4.0,103
22.0,-1.0,5.0,24
22.0,0.0,1.0,9
22.0,0.0,2.0,54
22.0,0.0,3.0,169
22.0,0.0,4.0,110
22.0,0.0,5.0,55
22.0,1.0,1.0,3
22.0,1.0,2.0,64
22.0,1.0,3.0,178
22.0,1.0,4.0,103
22.0,1.0,5.0,77
22.0,2.0,1.0,10
22.0,2.0,2.0,48
22.0,2.0,3.0,127
22.0,2.0,4.0,78
22.0,2.0,5.0,54
22.0,3.0,1.0,8
22.0,3.0,2.0,37
22.0,3.0,3.0,53
22.0,3.0,4.0,33
22.0,3.0,5.0,33
22.0,4.0,1.0,4
22.0,4.0,2.0,23
22.0,4.0,3.0,29
22.0,4.0,4.0,8
22.0,4.0,5.0,12
22.0,5.0,1.0,12
22.0,5.0,2.0,17
22.0,5.0,3.0,16
22.0,5.0,4.0,3
22.0,5.0,5.0,6
22.0,6.0,1.0,1
22.0,6.0,2.0,7
22.0,6.0,3.0,9
22.0,6.0,4.0,2
22.0,6.0,5.0,1
22.0,7.0,1.0,1
22.0,7.0,2.0,2
22.0,7.0,3.0,3
22.0,7.0,4.0,1
22.0,7.0,5.0,6
22.0,8.0,1.0,2
22.0,8.0,2.0,1
22.0,8.0,3.0,1
22.0,8.0,4.0,1
22.0,8.0,5.0,4
22.0,9.0,1.0,1
22.0,9.0,2.0,1
22.0,9.0,3.0,2
22.0,10.0,3.0,1
22.0,10.0,5.0,1
22.0,11.0,2.0,1
22.0,11.0,3.0,1
22.0,12.0,3.0,1
23.0,-4.0,0.0,1
23.0,-4.0,1.0,5
23.0,-4.0,2.0,10
23.0,-4.0,3.0,9
23.0,-4.0,4.0,3
23.0,-4.0,5.0,4
23.0,-3.0,0.0,3
23.0,-3.0,1.0,24
23.0,-3.0,2.0,57
23.0,-3.0,3.0,30
23.0,-3.0,4.0,3
23.0,-3.0,5.0,1
23.0,-2.0,0.0,3
23.0,-2.0,1.0,23
23.0,-2.0,2.0,52
23.0,-2.0,3.0,98
23.0,-2.0,4.0,34
23.0,-2.0,5.0,5
23.0,-1.0,1.0,27
23.0,-1.0,2.0,70
23.0,-1.0,3.0,188
23.0,-1.0,4.0,151
23.0,-1.0,5.0,29
23.0,0.0,0.0,2
23.0,0.0,1.0,24
23.0,0.0,2.0,63
23.0,0.0,3.0,296
23.0,0.0,4.0,204
23.0,0.0,5.0,86
23.0,1.0,0.0,3
23.0,1.0,1.0,13
23.0,1.0,2.0,81
23.0,1.0,3.0,271
23.0,1.0,4.0,187
23.0,1.0,5.0,97
23.0,2.0,1.0,14
23.0,2.0,2.0,78
23.0,2.0,3.0,180
23.0,2.0,4.0,115
23.0,2.0,5.0,58
23.0,3.0,1.0,11
23.0,3.0,2.0,53
23.0,3.0,3.0,98
23.0,3.0,4.0,58
23.0,3.0,5.0,37
23.0,4.0,0.0,1
23.0,4.0,1.0,11
23.0,4.0,2.0,28
23.0,4.0,3.0,42
23.0,4.0,4.0,14
23.0,4.0,5.0,18
23.0,5.0,1.0,7
23.0,5.0,2.0,16
23.0,5.0,3.0,19
23.0,5.0,4.0,16
23.0,5.0,5.0,11
23.0,6.0,1.0,6
23.0,6.0,2.0,10
23.0,6.0,3.0,12
23.0,6.0,4.0,6
23.0,6.0,5.0,3
23.0,7.0,1.0,3
23.0,7.0,2.0,4
23.0,7.0,3.0,13
23.0,7.0,4.0,5
23.0,7.0,5.0,1
23.0,8.0,1.0,1
23.0,8.0,2.0,1
23.0,8.0,3.0,5
23.0,8.0,5.0,3
23.0,9.0,2.0,3
23.0,9.0,3.0,3
23.0,10.0,3.0,2
23.0,12.0,3.0,1
23.0,13.0,4.0,1
24.0,-4.0,0.0,3
24.0,-4.0,1.0,8
24.0,-4.0,2.0,12
24.0,-4.0,3.0,9
24.0,-4.0,4.0,7
24.0,-4.0,5.0,3
24.0,-3.0,0.0,2
24.0,-3.0,1.0,40
24.0,-3.0,2.0,115
24.0,-3.0,3.0,44
24.0,-3.0,4.0,4
24.0,-3.0,5.0,1
24.0,-2.0,0.0,3
24.0,-2.0,1.0,49
24.0,-2.0,2.0,83
24.0,-2.0,3.0,144
24.0,-2.0,4.0,40
24.0,-2.0,5.0,6
24.0,-1.0,0.0,2
24.0,-1.0,1.0,30
24.0,-1.0,2.0,105
24.0,-1.0,3.0,286
24.0,-1.0,4.0,215
24.0,-1.0,5.0,36
24.0,0.0,0.0,2
24.0,0.0,1.0,35
24.0,0.0,2.0,123
24.0,0.0,3.0,403
24.0,0.0,4.0,273
24.0,0.0,5.0,119
24.0,1.0,1.0,21
24.0,1.0,2.0,134
24.0,1.0,3.0,378
24.0,1.0,4.0,226
24.0,1.0,5.0,94
24.0,2.0,0.0,1
24.0,2.0,1.0,25
24.0,2.0,2.0,134
24.0,2.0,3.0,275
24.0,2.0,4.0,189
24.0,2.0,5.0,79
24.0,3.0,1.0,18
24.0,3.0,2.0,75
24.0,3.0,3.0,124
24.0,3.0,4.0,73
24.0,3.0,5.0,49
24.0,4.0,1.0,20
24.0,4.0,2.0,41
24.0,4.0,3.0,62
24.0,4.0,4.0,43
24.0,4.0,5.0,22
24.0,5.0,1.0,8
24.0,5.0,2.0,41
24.0,5.0,3.0,31
24.0,5.0,4.0,21
24.0,5.0,5.0,10
24.0,6.0,1.0,7
24.0,6.0,2.0,18
24.0,6.0,3.0,17
24.0,6.0,4.0,7
24.0,6.0,5.0,3
24.0,7.0,1.0,8
24.0,7.0,2.0,12
24.0,7.0,3.0,13
24.0,7.0,4.0,7
24.0,7.0,5.0,5
24.0,8.0,2.0,2
24.0,8.0,3.0,4
24.0,8.0,4.0,2
24.0,8.0,5.0,1
24.0,9.0,1.0,1
24.0,9.0,2.0,5
24.0,9.0,3.0,6
24.0,9.0,4.0,1
24.0,9.0,5.0,3
24.0,10.0,3.0,1
24.0,10.0,5.0,1
24.0,11.0,2.0,2
24.0,11.0,3.0,1
24.0,11.0,4.0,1
24.0,12.0,3.0,1
25.0,-4.0,0.0,2
25.0,-4.0,1.0,13
25.0,-4.0,2.0,20
25.0,-4.0,3.0,15
25.0,-4.0,4.0,10
25.0,-4.0,5.0,1
25.0,-3.0,0.0,4
25.0,-3.0,1.0,78
25.0,-3.0,2.0,147
25.0,-3.0,3.0,75
25.0,-3.0,4.0,5
25.0,-3.0,5.0,5
25.0,-2.0,0.0,7
25.0,-2.0,1.0,96
25.0,-2.0,2.0,141
25.0,-2.0,3.0,211
25.0,-2.0,4.0,52
25.0,-2.0,5.0,14
25.0,-1.0,0.0,11
25.0,-1.0,1.0,79
25.0,-1.0,2.0,154
25.0,-1.0,3.0,447
25.0,-1.0,4.0,301
25.0,-1.0,5.0,43
25.0,0.0,0.0,2
25.0,0.0,1.0,55
25.0,0.0,2.0,189
25.0,0.0,3.0,577
25.0,0.0,4.0,386
25.0,0.0,5.0,128
25.0,1.0,0.0,2
25.0,1.0,1.0,38
25.0,1.0,2.0,249
25.0,1.0,3.0,627
25.0,1.0,4.0,384
25.0,1.0,5.0,137
25.0,2.0,0.0,1
25.0,2.0,1.0,38
25.0,2.0,2.0,198
25.0,2.0,3.0,402
25.0,2.0,4.0,248
25.0,2.0,5.0,89
25.0,3.0,1.0,27
25.0,3.0,2.0,143
25.0,3.0,3.0,204
25.0,3.0,4.0,119
25.0,3.0,5.0,49
25.0,4.0,1.0,20
25.0,4.0,2.0,74
25.0,4.0,3.0,96
25.0,4.0,4.0,51
25.0,4.0,5.0,31
25.0,5.0,0.0,1
25.0,5.0,1.0,20
25.0,5.0,2.0,58
25.0,5.0,3.0,53
25.0,5.0,4.0,24
25.0,5.0,5.0,19
25.0,6.0,1.0,12
25.0,6.0,2.0,28
25.0,6.0,3.0,28
25.0,6.0,4.0,10
25.0,6.0,5.0,7
25.0,7.0,1.0,8
25.0,7.0,2.0,18
25.0,7.0,3.0,16
25.0,7.0,4.0,5
25.0,7.0,5.0,3
25.0,8.0,1.0,2
25.0,8.0,2.0,8
25.0,8.0,3.0,10
25.0,8.0,4.0,4
25.0,8.0,5.0,3
25.0,9.0,1.0,2
25.0,9.0,2.0,2
25.0,9.0,3.0,5
25.0,9.0,4.0,3
25.0,9.0,5.0,2
25.0,10.0,2.0,1
25.0,11.0,5.0,1
25.0,12.0,3.0,1
26.0,-4.0,0.0,6
26.0,-4.0,1.0,23
26.0,-4.0,2.0,30
26.0,-4.0,3.0,30
26.0,-4.0,4.0,11
26.0,-4.0,5.0,5
26.0,-3.0,0.0,13
26.0,-3.0,1.0,123
26.0,-3.0,2.0,248
26.0,-3.0,3.0,86
26.0,-3.0,4.0,22
26.0,-3.0,5.0,2
26.0,-2.0,0.0,17
26.0,-2.0,1.0,148
26.0,-2.0,2.0,236
26.0,-2.0,3.0,322
26.0,-2.0,4.0,112
26.0,-2.0,5.0,10
26.0,-1.0,0.0,5
26.0,-1.0,1.0,117
26.0,-1.0,2.0,306
26.0,-1.0,3.0,673
26.0,-1.0,4.0,458
26.0,-1.0,5.0,72
26.0,0.0,0.0,3
26.0,0.0,1.0,103
26.0,0.0,2.0,361
26.0,0.0,3.0,870
26.0,0.0,4.0,630
26.0,0.0,5.0,146
26.0,1.0,0.0,4
26.0,1.0,1.0,71
26.0,1.0,2.0,353
26.0,1.0,3.0,885
26.0,1.0,4.0,600
26.0,1.0,5.0,180
26.0,2.0,0.0,3
26.0,2.0,1.0,70
26.0,2.0,2.0,320
26.0,2.0,3.0,619
26.0,2.0,4.0,412
26.0,2.0,5.0,106
26.0,3.0,0.0,3
26.0,3.0,1.0,43
26.0,3.0,2.0,217
26.0,3.0,3.0,313
26.0,3.0,4.0,212
26.0,3.0,5.0,57
26.0,4.0,1.0,32
26.0,4.0,2.0,139
26.0,4.0,3.0,138
26.0,4.0,4.0,64
26.0,4.0,5.0,40
26.0,5.0,0.0,1
26.0,5.0,1.0,24
26.0,5.0,2.0,89
26.0,5.0,3.0,67
26.0,5.0,4.0,46
26.0,5.0,5.0,10
26.0,6.0,0.0,1
26.0,6.0,1.0,14
26.0,6.0,2.0,49
26.0,6.0,3.0,47
26.0,6.0,4.0,20
26.0,6.0,5.0,6
26.0,7.0,0.0,1
26.0,7.0,1.0,5
26.0,7.0,2.0,32
26.0,7.0,3.0,19
26.0,7.0,4.0,7
26.0,7.0,5.0,3
26.0,8.0,1.0,7
26.0,8.0,2.0,16
26.0,8.0,3.0,20
26.0,8.0,4.0,9
26.0,8.0,5.0,5
26.0,9.0,1.0,3
26.0,9.0,2.0,5
26.0,9.0,3.0,11
26.0,9.0,4.0,3
26.0,9.0,5.0,1
26.0,10.0,1.0,1
26.0,10.0,2.0,1
26.0,10.0,3.0,2
26.0,11.0,1.0,2
26.0,11.0,2.0,2
26.0,11.0,3.0,4
26.0,12.0,1.0,1
26.0,12.0,2.0,1
26.0,12.0,4.0,1
26.0,12.0,5.0,2
27.0,-4.0,0.0,4
27.0,-4.0,1.0,46
27.0,-4.0,2.0,66
27.0,-4.0,3.0,34
27.0,-4.0,4.0,17
27.0,-4.0,5.0,5
27.0,-3.0,0.0,28
27.0,-3.0,1.0,216
27.0,-3.0,2.0,389
27.0,-3.0,3.0,147
27.0,-3.0,4.0,27
27.0,-3.0,5.0,7
27.0,-2.0,0.0,21
27.0,-2.0,1.0,241
27.0,-2.0,2.0,385
27.0,-2.0,3.0,488
27.0,-2.0,4.0,178
27.0,-2.0,5.0,18
27.0,-1.0,0.0,29
27.0,-1.0,1.0,223
27.0,-1.0,2.0,413
27.0,-1.0,3.0,916
27.0,-1.0,4.0,765
27.0,-1.0,5.0,77
27.0,0.0,0.0,16
27.0,0.0,1.0,137
27.0,0.0,2.0,477
27.0,0.0,3.0,1126
27.0,0.0,4.0,996
27.0,0.0,5.0,169
27.0,1.0,0.0,7
27.0,1.0,1.0,116
27.0,1.0,2.0,550
27.0,1.0,3.0,1247
27.0,1.0,4.0,1022
27.0,1.0,5.0,181
27.0,2.0,0.0,4
27.0,2.0,1.0,91
27.0,2.0,2.0,489
27.0,2.0,3.0,881
27.0,2.0,4.0,651
27.0,2.0,5.0,154
27.0,3.0,0.0,1
27.0,3.0,1.0,89
27.0,3.0,2.0,311
27.0,3.0,3.0,420
27.0,3.0,4.0,355
27.0,3.0,5.0,60
27.0,4.0,1.0,57
27.0,4.0,2.0,177
27.0,4.0,3.0,195
27.0,4.0,4.0,138
27.0,4.0,5.0,38
27.0,5.0,0.0,2
27.0,5.0,1.0,41
27.0,5.0,2.0,107
27.0,5.0,3.0,129
27.0,5.0,4.0,82
27.0,5.0,5.0,22
27.0,6.0,1.0,26
27.0,6.0,2.0,63
27.0,6.0,3.0,55
27.0,6.0,4.0,27
27.0,6.0,5.0,6
27.0,7.0,1.0,17
27.0,7.0,2.0,40
27.0,7.0,3.0,28
27.0,7.0,4.0,18
27.0,7.0,5.0,2
27.0,8.0,1.0,13
27.0,8.0,2.0,19
27.0,8.0,3.0,22
27.0,8.0,4.0,9
27.0,8.0,5.0,3
27.0,9.0,1.0,4
27.0,9.0,2.0,12
27.0,9.0,3.0,5
27.0,9.0,4.0,7
27.0,10.0,1.0,1
27.0,10.0,2.0,1
27.0,10.0,3.0,4
27.0,10.0,4.0,1
27.0,11.0,1.0,1
27.0,11.0,2.0,6
27.0,11.0,3.0,4
27.0,11.0,4.0,1
27.0,12.0,2.0,1
27.0,12.0,3.0,2
27.0,12.0,5.0,1
