nss_solution_type,gbin,n
EclipsingBinary,6.0,11
EclipsingBinary,7.0,24
EclipsingBinary,8.0,74
EclipsingBinary,9.0,188
EclipsingBinary,10.0,385
EclipsingBinary,11.0,817
EclipsingBinary,12.0,2089
EclipsingBinary,13.0,5368
EclipsingBinary,14.0,11514
EclipsingBinary,15.0,15668
EclipsingBinary,16.0,20823
EclipsingBinary,17.0,19999
EclipsingBinary,18.0,8890
EclipsingBinary,19.0,1057
EclipsingBinary,20.0,11
EclipsingSpectro,8.0,3
EclipsingSpectro,9.0,15
EclipsingSpectro,10.0,39
EclipsingSpectro,11.0,62
EclipsingSpectro,12.0,36
SB1,5.0,9
SB1,6.0,302
SB1,7.0,1740
SB1,8.0,3213
SB1,9.0,7893
SB1,10.0,23860
SB1,11.0,58880
SB1,12.0,74030
SB1,13.0,11348
SB1,14.0,52
SB2,3.0,1
SB2,4.0,6
SB2,5.0,29
SB2,6.0,109
SB2,7.0,321
SB2,8.0,536
SB2,9.0,1154
SB2,10.0,2121
SB2,11.0,351
SB2,12.0,2
SB2C,4.0,1
SB2C,5.0,6
SB2C,6.0,6
SB2C,7.0,34
SB2C,8.0,98
SB2C,9.0,191
SB2C,10.0,352
SB2C,11.0,58
