tcls,mbin,vflag,sbin,n,n_gof
0.0,18.0,0.0,-6.0,3,3
0.0,18.0,0.0,-5.0,1,1
0.0,18.0,0.0,-3.0,1,1
0.0,18.0,0.0,-2.0,6,6
0.0,18.0,0.0,-1.0,6,6
0.0,18.0,0.0,0.0,5,5
0.0,18.0,0.0,1.0,9,9
0.0,18.0,0.0,2.0,6,6
0.0,18.0,0.0,3.0,2,2
0.0,18.0,0.0,4.0,3,3
0.0,18.0,0.0,5.0,7,7
0.0,18.0,0.0,7.0,2,2
0.0,18.0,1.0,4.0,1,1
0.0,18.0,1.0,5.0,1,1
0.0,18.0,1.0,6.0,1,1
0.0,18.0,1.0,7.0,1,1
0.0,18.0,1.0,8.0,1,1
0.0,18.0,1.0,9.0,1,1
0.0,18.0,1.0,10.0,1,1
0.0,18.0,1.0,13.0,1,1
0.0,18.0,1.0,14.0,1,1
0.0,18.0,1.0,27.0,1,1
0.0,18.0,1.0,31.0,1,1
0.0,18.0,1.0,32.0,1,1
0.0,19.0,0.0,-5.0,2,2
0.0,19.0,0.0,-4.0,4,4
0.0,19.0,0.0,-3.0,5,5
0.0,19.0,0.0,-2.0,3,3
0.0,19.0,0.0,-1.0,1,1
0.0,19.0,0.0,0.0,10,10
0.0,19.0,0.0,1.0,7,7
0.0,19.0,0.0,2.0,4,4
0.0,19.0,0.0,3.0,4,4
0.0,19.0,0.0,4.0,6,6
0.0,19.0,0.0,5.0,3,3
0.0,19.0,0.0,6.0,2,2
0.0,19.0,0.0,7.0,1,1
0.0,19.0,0.0,8.0,3,3
0.0,19.0,0.0,11.0,2,2
0.0,19.0,1.0,1.0,2,2
0.0,19.0,1.0,2.0,1,1
0.0,19.0,1.0,3.0,1,1
0.0,19.0,1.0,4.0,4,4
0.0,19.0,1.0,5.0,3,3
0.0,19.0,1.0,6.0,3,3
0.0,19.0,1.0,7.0,3,3
0.0,19.0,1.0,8.0,3,3
0.0,19.0,1.0,9.0,2,2
0.0,19.0,1.0,10.0,1,1
0.0,19.0,1.0,11.0,1,1
0.0,19.0,1.0,12.0,2,2
0.0,19.0,1.0,14.0,1,1
0.0,19.0,1.0,22.0,2,2
0.0,20.0,0.0,-8.0,1,1
0.0,20.0,0.0,-4.0,1,1
0.0,20.0,0.0,-2.0,3,3
0.0,20.0,0.0,-1.0,2,2
0.0,20.0,0.0,0.0,4,4
0.0,20.0,0.0,1.0,8,8
0.0,20.0,0.0,2.0,8,8
0.0,20.0,0.0,3.0,9,9
0.0,20.0,0.0,4.0,6,6
0.0,20.0,0.0,5.0,7,7
0.0,20.0,0.0,6.0,7,7
0.0,20.0,0.0,7.0,5,5
0.0,20.0,0.0,8.0,2,2
0.0,20.0,0.0,9.0,2,2
0.0,20.0,0.0,10.0,2,2
0.0,20.0,0.0,11.0,1,1
0.0,20.0,0.0,12.0,2,2
0.0,20.0,0.0,13.0,1,1
0.0,20.0,0.0,15.0,1,1
0.0,20.0,0.0,18.0,1,1
0.0,20.0,1.0,2.0,1,1
0.0,20.0,1.0,3.0,2,2
0.0,20.0,1.0,4.0,3,3
0.0,20.0,1.0,5.0,5,5
0.0,20.0,1.0,6.0,6,6
0.0,20.0,1.0,7.0,7,7
0.0,20.0,1.0,8.0,3,3
0.0,20.0,1.0,11.0,2,2
0.0,20.0,1.0,12.0,2,2
0.0,20.0,1.0,14.0,1,1
0.0,20.0,1.0,19.0,1,1
0.0,20.0,1.0,20.0,1,1
0.0,20.0,1.0,21.0,1,1
0.0,20.0,1.0,22.0,2,2
0.0,20.0,1.0,24.0,1,1
0.0,20.0,1.0,32.0,1,1
0.0,20.0,1.0,39.0,2,2
0.0,21.0,0.0,-3.0,1,1
0.0,21.0,0.0,-2.0,1,1
0.0,21.0,0.0,-1.0,1,1
0.0,21.0,0.0,0.0,4,4
0.0,21.0,0.0,1.0,3,3
0.0,21.0,0.0,2.0,7,7
0.0,21.0,0.0,3.0,9,9
0.0,21.0,0.0,4.0,16,16
0.0,21.0,0.0,5.0,15,15
0.0,21.0,0.0,6.0,21,21
0.0,21.0,0.0,7.0,23,23
0.0,21.0,0.0,8.0,12,12
0.0,21.0,0.0,9.0,10,10
0.0,21.0,0.0,10.0,4,4
0.0,21.0,0.0,11.0,1,1
0.0,21.0,0.0,13.0,1,1
0.0,21.0,0.0,38.0,1,1
0.0,21.0,1.0,4.0,1,1
0.0,21.0,1.0,5.0,2,2
0.0,21.0,1.0,6.0,7,7
0.0,21.0,1.0,7.0,6,6
0.0,21.0,1.0,8.0,8,8
0.0,21.0,1.0,9.0,6,6
0.0,21.0,1.0,10.0,3,3
0.0,21.0,1.0,11.0,7,7
0.0,21.0,1.0,12.0,2,2
0.0,21.0,1.0,13.0,2,2
0.0,21.0,1.0,14.0,3,3
0.0,21.0,1.0,15.0,2,2
0.0,21.0,1.0,17.0,1,1
0.0,21.0,1.0,18.0,1,1
0.0,21.0,1.0,20.0,1,1
0.0,21.0,1.0,21.0,1,1
0.0,21.0,1.0,22.0,1,1
0.0,21.0,1.0,23.0,1,1
0.0,21.0,1.0,24.0,2,2
0.0,21.0,1.0,25.0,1,1
0.0,21.0,1.0,27.0,1,1
0.0,21.0,1.0,28.0,1,1
0.0,21.0,1.0,29.0,1,1
0.0,21.0,1.0,34.0,1,1
0.0,21.0,1.0,35.0,1,1
0.0,21.0,1.0,40.0,1,1
0.0,21.0,1.0,43.0,1,1
0.0,22.0,0.0,-1.0,1,1
0.0,22.0,0.0,1.0,2,2
0.0,22.0,0.0,2.0,3,3
0.0,22.0,0.0,3.0,6,6
0.0,22.0,0.0,4.0,7,7
0.0,22.0,0.0,5.0,14,14
0.0,22.0,0.0,6.0,28,28
0.0,22.0,0.0,7.0,32,32
0.0,22.0,0.0,8.0,39,39
0.0,22.0,0.0,9.0,30,30
0.0,22.0,0.0,10.0,21,21
0.0,22.0,0.0,11.0,19,19
0.0,22.0,0.0,12.0,16,16
0.0,22.0,0.0,13.0,6,6
0.0,22.0,0.0,14.0,3,3
0.0,22.0,0.0,15.0,4,4
0.0,22.0,0.0,16.0,1,1
0.0,22.0,0.0,18.0,1,1
0.0,22.0,0.0,20.0,1,1
0.0,22.0,0.0,21.0,1,1
0.0,22.0,0.0,22.0,1,1
0.0,22.0,0.0,31.0,1,1
0.0,22.0,0.0,40.0,1,1
0.0,22.0,0.0,41.0,1,1
0.0,22.0,1.0,7.0,2,2
0.0,22.0,1.0,8.0,1,1
0.0,22.0,1.0,9.0,10,10
0.0,22.0,1.0,10.0,11,11
0.0,22.0,1.0,11.0,5,5
0.0,22.0,1.0,12.0,10,10
0.0,22.0,1.0,13.0,9,9
0.0,22.0,1.0,14.0,8,8
0.0,22.0,1.0,15.0,2,2
0.0,22.0,1.0,16.0,6,6
0.0,22.0,1.0,17.0,5,5
0.0,22.0,1.0,18.0,6,6
0.0,22.0,1.0,21.0,2,2
0.0,22.0,1.0,22.0,5,5
0.0,22.0,1.0,23.0,2,2
0.0,22.0,1.0,24.0,3,3
0.0,22.0,1.0,25.0,1,1
0.0,22.0,1.0,26.0,1,1
0.0,22.0,1.0,29.0,2,2
0.0,22.0,1.0,30.0,3,3
0.0,22.0,1.0,31.0,1,1
0.0,22.0,1.0,32.0,1,1
0.0,22.0,1.0,35.0,2,2
0.0,22.0,1.0,38.0,2,2
0.0,22.0,1.0,39.0,1,1
0.0,22.0,1.0,40.0,1,1
0.0,22.0,1.0,41.0,2,2
0.0,22.0,1.0,42.0,2,2
0.0,22.0,1.0,43.0,1,1
0.0,22.0,1.0,44.0,1,1
0.0,23.0,0.0,-1.0,1,1
0.0,23.0,0.0,1.0,1,1
0.0,23.0,0.0,4.0,3,3
0.0,23.0,0.0,5.0,3,3
0.0,23.0,0.0,6.0,7,7
0.0,23.0,0.0,7.0,9,9
0.0,23.0,0.0,8.0,21,21
0.0,23.0,0.0,9.0,34,34
0.0,23.0,0.0,10.0,28,28
0.0,23.0,0.0,11.0,42,42
0.0,23.0,0.0,12.0,34,34
0.0,23.0,0.0,13.0,31,31
0.0,23.0,0.0,14.0,17,17
0.0,23.0,0.0,15.0,14,14
0.0,23.0,0.0,16.0,7,7
0.0,23.0,0.0,17.0,5,5
0.0,23.0,0.0,18.0,6,6
0.0,23.0,0.0,19.0,1,1
0.0,23.0,0.0,20.0,1,1
0.0,23.0,0.0,21.0,2,2
0.0,23.0,0.0,22.0,2,2
0.0,23.0,0.0,24.0,1,1
0.0,23.0,0.0,28.0,2,2
0.0,23.0,0.0,30.0,1,1
0.0,23.0,0.0,31.0,1,1
0.0,23.0,0.0,32.0,1,1
0.0,23.0,0.0,36.0,1,1
0.0,23.0,0.0,37.0,2,2
0.0,23.0,0.0,39.0,2,2
0.0,23.0,0.0,40.0,1,1
0.0,23.0,0.0,41.0,3,3
0.0,23.0,0.0,43.0,1,1
0.0,23.0,0.0,44.0,1,1
0.0,23.0,1.0,10.0,3,3
0.0,23.0,1.0,11.0,5,5
0.0,23.0,1.0,12.0,9,9
0.0,23.0,1.0,13.0,11,11
0.0,23.0,1.0,14.0,17,17
0.0,23.0,1.0,15.0,16,16
0.0,23.0,1.0,16.0,8,8
0.0,23.0,1.0,17.0,21,21
0.0,23.0,1.0,18.0,9,9
0.0,23.0,1.0,19.0,5,5
0.0,23.0,1.0,20.0,2,2
0.0,23.0,1.0,21.0,7,7
0.0,23.0,1.0,22.0,5,5
0.0,23.0,1.0,23.0,4,4
0.0,23.0,1.0,24.0,6,6
0.0,23.0,1.0,25.0,2,2
0.0,23.0,1.0,26.0,4,4
0.0,23.0,1.0,27.0,1,1
0.0,23.0,1.0,28.0,1,1
0.0,23.0,1.0,29.0,3,3
0.0,23.0,1.0,31.0,2,2
0.0,23.0,1.0,32.0,2,2
0.0,23.0,1.0,33.0,2,2
0.0,23.0,1.0,35.0,5,5
0.0,23.0,1.0,36.0,4,4
0.0,23.0,1.0,37.0,7,7
0.0,23.0,1.0,38.0,2,2
0.0,23.0,1.0,39.0,5,5
0.0,23.0,1.0,40.0,6,6
0.0,23.0,1.0,41.0,4,4
0.0,23.0,1.0,42.0,6,6
0.0,23.0,1.0,43.0,6,6
0.0,23.0,1.0,44.0,3,3
0.0,23.0,1.0,46.0,1,1
1.0,18.0,0.0,-13.0,2,2
1.0,18.0,0.0,-12.0,2,2
1.0,18.0,0.0,-11.0,2,2
1.0,18.0,0.0,-10.0,2,2
1.0,18.0,0.0,-9.0,10,10
1.0,18.0,0.0,-8.0,11,11
1.0,18.0,0.0,-7.0,16,16
1.0,18.0,0.0,-6.0,26,26
1.0,18.0,0.0,-5.0,32,32
1.0,18.0,0.0,-4.0,28,28
1.0,18.0,0.0,-3.0,30,30
1.0,18.0,0.0,-2.0,31,31
1.0,18.0,0.0,-1.0,23,23
1.0,18.0,0.0,0.0,25,25
1.0,18.0,0.0,1.0,17,17
1.0,18.0,0.0,2.0,13,13
1.0,18.0,0.0,3.0,9,9
1.0,18.0,0.0,4.0,6,6
1.0,18.0,1.0,-2.0,4,4
1.0,18.0,1.0,-1.0,6,6
1.0,18.0,1.0,0.0,9,9
1.0,18.0,1.0,1.0,12,12
1.0,18.0,1.0,2.0,9,9
1.0,18.0,1.0,3.0,17,17
1.0,18.0,1.0,4.0,13,13
1.0,18.0,1.0,5.0,3,3
1.0,18.0,1.0,6.0,8,8
1.0,18.0,1.0,7.0,3,3
1.0,18.0,1.0,9.0,5,5
1.0,18.0,1.0,10.0,2,2
1.0,18.0,1.0,11.0,6,6
1.0,18.0,1.0,12.0,1,1
1.0,18.0,1.0,13.0,1,1
1.0,18.0,1.0,14.0,4,4
1.0,18.0,1.0,15.0,2,2
1.0,18.0,1.0,16.0,2,2
1.0,18.0,1.0,17.0,1,1
1.0,18.0,1.0,18.0,1,1
1.0,18.0,1.0,19.0,1,1
1.0,18.0,1.0,20.0,1,1
1.0,18.0,1.0,28.0,1,1
1.0,19.0,0.0,-11.0,1,1
1.0,19.0,0.0,-9.0,1,1
1.0,19.0,0.0,-8.0,5,5
1.0,19.0,0.0,-7.0,11,11
1.0,19.0,0.0,-6.0,15,15
1.0,19.0,0.0,-5.0,16,16
1.0,19.0,0.0,-4.0,36,36
1.0,19.0,0.0,-3.0,48,48
1.0,19.0,0.0,-2.0,46,46
1.0,19.0,0.0,-1.0,48,48
1.0,19.0,0.0,0.0,42,42
1.0,19.0,0.0,1.0,34,34
1.0,19.0,0.0,2.0,20,20
1.0,19.0,0.0,3.0,8,8
1.0,19.0,0.0,4.0,8,8
1.0,19.0,0.0,5.0,4,4
1.0,19.0,0.0,6.0,2,2
1.0,19.0,0.0,7.0,1,1
1.0,19.0,0.0,8.0,1,1
1.0,19.0,0.0,11.0,1,1
1.0,19.0,1.0,0.0,3,3
1.0,19.0,1.0,1.0,9,9
1.0,19.0,1.0,2.0,19,19
1.0,19.0,1.0,3.0,20,20
1.0,19.0,1.0,4.0,15,15
1.0,19.0,1.0,5.0,13,13
1.0,19.0,1.0,6.0,14,14
1.0,19.0,1.0,7.0,5,5
1.0,19.0,1.0,8.0,1,1
1.0,19.0,1.0,9.0,5,5
1.0,19.0,1.0,10.0,5,5
1.0,19.0,1.0,11.0,4,4
1.0,19.0,1.0,12.0,3,3
1.0,19.0,1.0,13.0,1,1
1.0,19.0,1.0,14.0,3,3
1.0,19.0,1.0,15.0,3,3
1.0,19.0,1.0,17.0,2,2
1.0,19.0,1.0,18.0,1,1
1.0,19.0,1.0,19.0,1,1
1.0,19.0,1.0,20.0,1,1
1.0,19.0,1.0,21.0,2,2
1.0,19.0,1.0,22.0,1,1
1.0,19.0,1.0,24.0,2,2
1.0,19.0,1.0,28.0,1,1
1.0,19.0,1.0,29.0,1,1
1.0,19.0,1.0,33.0,1,1
1.0,19.0,1.0,38.0,1,1
1.0,20.0,0.0,-8.0,2,2
1.0,20.0,0.0,-7.0,1,1
1.0,20.0,0.0,-6.0,1,1
1.0,20.0,0.0,-5.0,12,12
1.0,20.0,0.0,-4.0,28,28
1.0,20.0,0.0,-3.0,27,27
1.0,20.0,0.0,-2.0,42,42
1.0,20.0,0.0,-1.0,81,81
1.0,20.0,0.0,0.0,89,89
1.0,20.0,0.0,1.0,81,81
1.0,20.0,0.0,2.0,88,88
1.0,20.0,0.0,3.0,80,80
1.0,20.0,0.0,4.0,42,42
1.0,20.0,0.0,5.0,24,24
1.0,20.0,0.0,6.0,18,18
1.0,20.0,0.0,7.0,5,5
1.0,20.0,0.0,8.0,2,2
1.0,20.0,0.0,9.0,3,3
1.0,20.0,0.0,10.0,2,2
1.0,20.0,0.0,11.0,2,2
1.0,20.0,0.0,14.0,2,2
1.0,20.0,0.0,15.0,1,1
1.0,20.0,0.0,17.0,2,2
1.0,20.0,0.0,18.0,1,1
1.0,20.0,0.0,21.0,1,1
1.0,20.0,1.0,2.0,5,5
1.0,20.0,1.0,3.0,8,8
1.0,20.0,1.0,4.0,16,16
1.0,20.0,1.0,5.0,19,19
1.0,20.0,1.0,6.0,14,14
1.0,20.0,1.0,7.0,8,8
1.0,20.0,1.0,8.0,9,9
1.0,20.0,1.0,9.0,10,10
1.0,20.0,1.0,10.0,8,8
1.0,20.0,1.0,11.0,10,10
1.0,20.0,1.0,12.0,4,4
1.0,20.0,1.0,13.0,2,2
1.0,20.0,1.0,14.0,6,6
1.0,20.0,1.0,15.0,6,6
1.0,20.0,1.0,16.0,2,2
1.0,20.0,1.0,17.0,6,6
1.0,20.0,1.0,18.0,4,4
1.0,20.0,1.0,19.0,4,4
1.0,20.0,1.0,20.0,2,2
1.0,20.0,1.0,21.0,2,2
1.0,20.0,1.0,22.0,1,1
1.0,20.0,1.0,23.0,1,1
1.0,20.0,1.0,24.0,2,2
1.0,20.0,1.0,25.0,1,1
1.0,20.0,1.0,26.0,1,1
1.0,20.0,1.0,27.0,1,1
1.0,20.0,1.0,29.0,1,1
1.0,20.0,1.0,33.0,2,2
1.0,20.0,1.0,35.0,1,1
1.0,20.0,1.0,37.0,1,1
1.0,21.0,0.0,-6.0,2,2
1.0,21.0,0.0,-5.0,5,5
1.0,21.0,0.0,-4.0,4,4
1.0,21.0,0.0,-3.0,10,10
1.0,21.0,0.0,-2.0,26,26
1.0,21.0,0.0,-1.0,37,37
1.0,21.0,0.0,0.0,53,53
1.0,21.0,0.0,1.0,95,95
1.0,21.0,0.0,2.0,152,152
1.0,21.0,0.0,3.0,186,186
1.0,21.0,0.0,4.0,166,166
1.0,21.0,0.0,5.0,135,135
1.0,21.0,0.0,6.0,108,108
1.0,21.0,0.0,7.0,72,72
1.0,21.0,0.0,8.0,37,37
1.0,21.0,0.0,9.0,21,21
1.0,21.0,0.0,10.0,12,12
1.0,21.0,0.0,11.0,6,6
1.0,21.0,0.0,12.0,6,6
1.0,21.0,0.0,14.0,1,1
1.0,21.0,0.0,15.0,2,2
1.0,21.0,0.0,16.0,1,1
1.0,21.0,0.0,25.0,2,2
1.0,21.0,0.0,26.0,1,1
1.0,21.0,1.0,3.0,1,1
1.0,21.0,1.0,4.0,6,6
1.0,21.0,1.0,5.0,8,8
1.0,21.0,1.0,6.0,16,16
1.0,21.0,1.0,7.0,12,12
1.0,21.0,1.0,8.0,9,9
1.0,21.0,1.0,9.0,11,11
1.0,21.0,1.0,10.0,8,8
1.0,21.0,1.0,11.0,12,12
1.0,21.0,1.0,12.0,13,13
1.0,21.0,1.0,13.0,8,8
1.0,21.0,1.0,14.0,7,7
1.0,21.0,1.0,15.0,11,11
1.0,21.0,1.0,16.0,11,11
1.0,21.0,1.0,17.0,9,9
1.0,21.0,1.0,18.0,7,7
1.0,21.0,1.0,19.0,4,4
1.0,21.0,1.0,20.0,4,4
1.0,21.0,1.0,21.0,7,7
1.0,21.0,1.0,22.0,5,5
1.0,21.0,1.0,23.0,7,7
1.0,21.0,1.0,24.0,3,3
1.0,21.0,1.0,25.0,2,2
1.0,21.0,1.0,26.0,2,2
1.0,21.0,1.0,27.0,2,2
1.0,21.0,1.0,28.0,3,3
1.0,21.0,1.0,29.0,2,2
1.0,21.0,1.0,30.0,2,2
1.0,21.0,1.0,31.0,3,3
1.0,21.0,1.0,32.0,1,1
1.0,21.0,1.0,34.0,2,2
1.0,21.0,1.0,40.0,1,1
1.0,22.0,0.0,-5.0,1,1
1.0,22.0,0.0,-4.0,2,2
1.0,22.0,0.0,-3.0,2,2
1.0,22.0,0.0,-2.0,5,5
1.0,22.0,0.0,-1.0,4,4
1.0,22.0,0.0,0.0,19,19
1.0,22.0,0.0,1.0,31,31
1.0,22.0,0.0,2.0,57,57
1.0,22.0,0.0,3.0,90,90
1.0,22.0,0.0,4.0,169,169
1.0,22.0,0.0,5.0,195,195
1.0,22.0,0.0,6.0,247,247
1.0,22.0,0.0,7.0,263,263
1.0,22.0,0.0,8.0,256,256
1.0,22.0,0.0,9.0,198,198
1.0,22.0,0.0,10.0,150,150
1.0,22.0,0.0,11.0,86,86
1.0,22.0,0.0,12.0,58,58
1.0,22.0,0.0,13.0,30,30
1.0,22.0,0.0,14.0,21,21
1.0,22.0,0.0,15.0,12,12
1.0,22.0,0.0,16.0,8,8
1.0,22.0,0.0,17.0,11,11
1.0,22.0,0.0,18.0,4,4
1.0,22.0,0.0,19.0,3,3
1.0,22.0,0.0,20.0,2,2
1.0,22.0,0.0,21.0,3,3
1.0,22.0,0.0,23.0,1,1
1.0,22.0,0.0,25.0,1,1
1.0,22.0,0.0,32.0,1,1
1.0,22.0,0.0,36.0,2,2
1.0,22.0,0.0,37.0,1,1
1.0,22.0,0.0,39.0,1,1
1.0,22.0,0.0,42.0,1,1
1.0,22.0,0.0,43.0,2,2
1.0,22.0,0.0,44.0,1,1
1.0,22.0,1.0,5.0,1,1
1.0,22.0,1.0,6.0,1,1
1.0,22.0,1.0,7.0,3,3
1.0,22.0,1.0,8.0,7,7
1.0,22.0,1.0,9.0,9,9
1.0,22.0,1.0,10.0,9,9
1.0,22.0,1.0,11.0,18,18
1.0,22.0,1.0,12.0,19,19
1.0,22.0,1.0,13.0,27,27
1.0,22.0,1.0,14.0,15,15
1.0,22.0,1.0,15.0,22,22
1.0,22.0,1.0,16.0,28,28
1.0,22.0,1.0,17.0,16,16
1.0,22.0,1.0,18.0,15,15
1.0,22.0,1.0,19.0,14,14
1.0,22.0,1.0,20.0,10,10
1.0,22.0,1.0,21.0,11,11
1.0,22.0,1.0,22.0,4,4
1.0,22.0,1.0,23.0,14,14
1.0,22.0,1.0,24.0,11,11
1.0,22.0,1.0,25.0,7,7
1.0,22.0,1.0,26.0,9,9
1.0,22.0,1.0,27.0,8,8
1.0,22.0,1.0,28.0,4,4
1.0,22.0,1.0,29.0,5,5
1.0,22.0,1.0,30.0,3,3
1.0,22.0,1.0,31.0,6,6
1.0,22.0,1.0,32.0,3,3
1.0,22.0,1.0,33.0,4,4
1.0,22.0,1.0,34.0,1,1
1.0,22.0,1.0,35.0,1,1
1.0,22.0,1.0,36.0,1,1
1.0,22.0,1.0,37.0,4,4
1.0,22.0,1.0,38.0,1,1
1.0,22.0,1.0,39.0,2,2
1.0,22.0,1.0,41.0,1,1
1.0,22.0,1.0,42.0,1,1
1.0,22.0,1.0,44.0,2,2
1.0,23.0,0.0,-2.0,1,1
1.0,23.0,0.0,0.0,1,1
1.0,23.0,0.0,1.0,10,10
1.0,23.0,0.0,2.0,7,7
1.0,23.0,0.0,3.0,16,16
1.0,23.0,0.0,4.0,39,39
1.0,23.0,0.0,5.0,73,73
1.0,23.0,0.0,6.0,123,123
1.0,23.0,0.0,7.0,170,170
1.0,23.0,0.0,8.0,229,229
1.0,23.0,0.0,9.0,335,335
1.0,23.0,0.0,10.0,358,358
1.0,23.0,0.0,11.0,347,347
1.0,23.0,0.0,12.0,362,362
1.0,23.0,0.0,13.0,282,282
1.0,23.0,0.0,14.0,202,202
1.0,23.0,0.0,15.0,150,150
1.0,23.0,0.0,16.0,96,96
1.0,23.0,0.0,17.0,76,76
1.0,23.0,0.0,18.0,39,39
1.0,23.0,0.0,19.0,20,20
1.0,23.0,0.0,20.0,19,19
1.0,23.0,0.0,21.0,14,14
1.0,23.0,0.0,22.0,9,9
1.0,23.0,0.0,23.0,12,12
1.0,23.0,0.0,24.0,8,8
1.0,23.0,0.0,25.0,4,4
1.0,23.0,0.0,26.0,5,5
1.0,23.0,0.0,27.0,3,3
1.0,23.0,0.0,28.0,2,2
1.0,23.0,0.0,29.0,1,1
1.0,23.0,0.0,30.0,2,2
1.0,23.0,0.0,31.0,1,1
1.0,23.0,0.0,32.0,2,2
1.0,23.0,0.0,33.0,1,1
1.0,23.0,0.0,34.0,4,4
1.0,23.0,0.0,36.0,2,2
1.0,23.0,0.0,37.0,2,2
1.0,23.0,0.0,38.0,11,11
1.0,23.0,0.0,39.0,6,6
1.0,23.0,0.0,40.0,9,9
1.0,23.0,0.0,41.0,5,5
1.0,23.0,0.0,42.0,5,5
1.0,23.0,0.0,43.0,9,9
1.0,23.0,0.0,44.0,8,8
1.0,23.0,0.0,46.0,1,1
1.0,23.0,1.0,9.0,1,1
1.0,23.0,1.0,10.0,6,6
1.0,23.0,1.0,11.0,8,8
1.0,23.0,1.0,12.0,15,15
1.0,23.0,1.0,13.0,18,18
1.0,23.0,1.0,14.0,47,47
1.0,23.0,1.0,15.0,50,50
1.0,23.0,1.0,16.0,48,48
1.0,23.0,1.0,17.0,40,40
1.0,23.0,1.0,18.0,35,35
1.0,23.0,1.0,19.0,37,37
1.0,23.0,1.0,20.0,27,27
1.0,23.0,1.0,21.0,33,33
1.0,23.0,1.0,22.0,13,13
1.0,23.0,1.0,23.0,18,18
1.0,23.0,1.0,24.0,13,13
1.0,23.0,1.0,25.0,18,18
1.0,23.0,1.0,26.0,11,11
1.0,23.0,1.0,27.0,12,12
1.0,23.0,1.0,28.0,9,9
1.0,23.0,1.0,29.0,11,11
1.0,23.0,1.0,30.0,12,12
1.0,23.0,1.0,31.0,6,6
1.0,23.0,1.0,32.0,11,11
1.0,23.0,1.0,33.0,9,9
1.0,23.0,1.0,34.0,6,6
1.0,23.0,1.0,35.0,3,3
1.0,23.0,1.0,36.0,1,1
1.0,23.0,1.0,37.0,6,6
1.0,23.0,1.0,38.0,6,6
1.0,23.0,1.0,39.0,4,4
1.0,23.0,1.0,40.0,6,6
1.0,23.0,1.0,41.0,9,9
1.0,23.0,1.0,42.0,6,6
1.0,23.0,1.0,43.0,4,4
1.0,23.0,1.0,44.0,8,8
2.0,18.0,0.0,-14.0,2,2
2.0,18.0,0.0,-13.0,2,2
2.0,18.0,0.0,-12.0,6,6
2.0,18.0,0.0,-11.0,13,13
2.0,18.0,0.0,-10.0,28,28
2.0,18.0,0.0,-9.0,73,73
2.0,18.0,0.0,-8.0,115,115
2.0,18.0,0.0,-7.0,135,135
2.0,18.0,0.0,-6.0,150,150
2.0,18.0,0.0,-5.0,130,130
2.0,18.0,0.0,-4.0,108,108
2.0,18.0,0.0,-3.0,71,71
2.0,18.0,0.0,-2.0,44,44
2.0,18.0,0.0,-1.0,18,18
2.0,18.0,0.0,0.0,12,12
2.0,18.0,0.0,1.0,2,2
2.0,18.0,0.0,2.0,4,4
2.0,18.0,0.0,4.0,1,1
2.0,18.0,0.0,6.0,1,1
2.0,18.0,0.0,8.0,1,1
2.0,18.0,0.0,12.0,1,1
2.0,18.0,0.0,33.0,1,1
2.0,18.0,1.0,-5.0,1,1
2.0,18.0,1.0,-3.0,2,2
2.0,18.0,1.0,-2.0,1,1
2.0,18.0,1.0,-1.0,7,7
2.0,18.0,1.0,0.0,5,5
2.0,18.0,1.0,1.0,6,6
2.0,18.0,1.0,2.0,5,5
2.0,18.0,1.0,3.0,3,3
2.0,18.0,1.0,4.0,9,9
2.0,18.0,1.0,5.0,7,7
2.0,18.0,1.0,6.0,9,9
2.0,18.0,1.0,7.0,7,7
2.0,18.0,1.0,8.0,9,9
2.0,18.0,1.0,9.0,5,5
2.0,18.0,1.0,10.0,10,10
2.0,18.0,1.0,11.0,10,10
2.0,18.0,1.0,12.0,10,10
2.0,18.0,1.0,13.0,9,9
2.0,18.0,1.0,14.0,9,9
2.0,18.0,1.0,15.0,7,7
2.0,18.0,1.0,16.0,14,14
2.0,18.0,1.0,17.0,5,5
2.0,18.0,1.0,18.0,9,9
2.0,18.0,1.0,19.0,9,9
2.0,18.0,1.0,20.0,5,5
2.0,18.0,1.0,21.0,6,6
2.0,18.0,1.0,22.0,5,5
2.0,18.0,1.0,23.0,6,6
2.0,18.0,1.0,24.0,5,5
2.0,18.0,1.0,25.0,4,4
2.0,18.0,1.0,26.0,4,4
2.0,18.0,1.0,28.0,3,3
2.0,18.0,1.0,29.0,3,3
2.0,18.0,1.0,30.0,1,1
2.0,18.0,1.0,31.0,1,1
2.0,18.0,1.0,32.0,1,1
2.0,18.0,1.0,33.0,2,2
2.0,18.0,1.0,35.0,1,1
2.0,19.0,0.0,-13.0,1,1
2.0,19.0,0.0,-12.0,1,1
2.0,19.0,0.0,-11.0,2,2
2.0,19.0,0.0,-10.0,11,11
2.0,19.0,0.0,-9.0,30,30
2.0,19.0,0.0,-8.0,35,35
2.0,19.0,0.0,-7.0,88,88
2.0,19.0,0.0,-6.0,157,157
2.0,19.0,0.0,-5.0,208,208
2.0,19.0,0.0,-4.0,285,285
2.0,19.0,0.0,-3.0,282,282
2.0,19.0,0.0,-2.0,249,249
2.0,19.0,0.0,-1.0,163,163
2.0,19.0,0.0,0.0,95,95
2.0,19.0,0.0,1.0,59,59
2.0,19.0,0.0,2.0,31,31
2.0,19.0,0.0,3.0,18,18
2.0,19.0,0.0,4.0,9,9
2.0,19.0,0.0,5.0,6,6
2.0,19.0,0.0,6.0,1,1
2.0,19.0,0.0,8.0,1,1
2.0,19.0,0.0,9.0,1,1
2.0,19.0,1.0,-2.0,1,1
2.0,19.0,1.0,-1.0,2,2
2.0,19.0,1.0,0.0,4,4
2.0,19.0,1.0,1.0,4,4
2.0,19.0,1.0,2.0,11,11
2.0,19.0,1.0,3.0,24,24
2.0,19.0,1.0,4.0,15,15
2.0,19.0,1.0,5.0,16,16
2.0,19.0,1.0,6.0,8,8
2.0,19.0,1.0,7.0,13,13
2.0,19.0,1.0,8.0,21,21
2.0,19.0,1.0,9.0,20,20
2.0,19.0,1.0,10.0,18,18
2.0,19.0,1.0,11.0,14,14
2.0,19.0,1.0,12.0,20,20
2.0,19.0,1.0,13.0,16,16
2.0,19.0,1.0,14.0,17,17
2.0,19.0,1.0,15.0,17,17
2.0,19.0,1.0,16.0,13,13
2.0,19.0,1.0,17.0,16,16
2.0,19.0,1.0,18.0,15,15
2.0,19.0,1.0,19.0,10,10
2.0,19.0,1.0,20.0,6,6
2.0,19.0,1.0,21.0,16,16
2.0,19.0,1.0,22.0,6,6
2.0,19.0,1.0,23.0,13,13
2.0,19.0,1.0,24.0,7,7
2.0,19.0,1.0,25.0,3,3
2.0,19.0,1.0,26.0,4,4
2.0,19.0,1.0,27.0,4,4
2.0,19.0,1.0,28.0,6,6
2.0,19.0,1.0,29.0,2,2
2.0,19.0,1.0,30.0,2,2
2.0,19.0,1.0,31.0,1,1
2.0,19.0,1.0,32.0,2,2
2.0,19.0,1.0,34.0,1,1
2.0,19.0,1.0,37.0,2,2
2.0,19.0,1.0,38.0,1,1
2.0,20.0,0.0,-10.0,2,2
2.0,20.0,0.0,-9.0,3,3
2.0,20.0,0.0,-8.0,3,3
2.0,20.0,0.0,-7.0,13,13
2.0,20.0,0.0,-6.0,42,42
2.0,20.0,0.0,-5.0,112,112
2.0,20.0,0.0,-4.0,150,150
2.0,20.0,0.0,-3.0,299,299
2.0,20.0,0.0,-2.0,444,444
2.0,20.0,0.0,-1.0,479,479
2.0,20.0,0.0,0.0,547,547
2.0,20.0,0.0,1.0,454,454
2.0,20.0,0.0,2.0,352,352
2.0,20.0,0.0,3.0,220,220
2.0,20.0,0.0,4.0,145,145
2.0,20.0,0.0,5.0,61,61
2.0,20.0,0.0,6.0,46,46
2.0,20.0,0.0,7.0,12,12
2.0,20.0,0.0,8.0,10,10
2.0,20.0,0.0,9.0,2,2
2.0,20.0,0.0,10.0,3,3
2.0,20.0,0.0,11.0,1,1
2.0,20.0,0.0,14.0,2,2
2.0,20.0,1.0,1.0,3,3
2.0,20.0,1.0,2.0,7,7
2.0,20.0,1.0,3.0,8,8
2.0,20.0,1.0,4.0,11,11
2.0,20.0,1.0,5.0,11,11
2.0,20.0,1.0,6.0,25,25
2.0,20.0,1.0,7.0,23,23
2.0,20.0,1.0,8.0,36,36
2.0,20.0,1.0,9.0,39,39
2.0,20.0,1.0,10.0,33,33
2.0,20.0,1.0,11.0,32,32
2.0,20.0,1.0,12.0,31,31
2.0,20.0,1.0,13.0,32,32
2.0,20.0,1.0,14.0,30,30
2.0,20.0,1.0,15.0,29,29
2.0,20.0,1.0,16.0,27,27
2.0,20.0,1.0,17.0,34,34
2.0,20.0,1.0,18.0,17,17
2.0,20.0,1.0,19.0,21,21
2.0,20.0,1.0,20.0,19,19
2.0,20.0,1.0,21.0,11,11
2.0,20.0,1.0,22.0,20,20
2.0,20.0,1.0,23.0,16,16
2.0,20.0,1.0,24.0,16,16
2.0,20.0,1.0,25.0,10,10
2.0,20.0,1.0,26.0,13,13
2.0,20.0,1.0,27.0,3,3
2.0,20.0,1.0,28.0,3,3
2.0,20.0,1.0,29.0,4,4
2.0,20.0,1.0,30.0,4,4
2.0,20.0,1.0,31.0,1,1
2.0,20.0,1.0,33.0,2,2
2.0,20.0,1.0,34.0,2,2
2.0,20.0,1.0,35.0,2,2
2.0,20.0,1.0,36.0,3,3
2.0,20.0,1.0,37.0,1,1
2.0,20.0,1.0,39.0,1,1
2.0,21.0,0.0,-12.0,1,1
2.0,21.0,0.0,-8.0,2,2
2.0,21.0,0.0,-7.0,3,3
2.0,21.0,0.0,-6.0,2,2
2.0,21.0,0.0,-5.0,12,12
2.0,21.0,0.0,-4.0,23,23
2.0,21.0,0.0,-3.0,78,78
2.0,21.0,0.0,-2.0,161,161
2.0,21.0,0.0,-1.0,324,324
2.0,21.0,0.0,0.0,490,490
2.0,21.0,0.0,1.0,699,699
2.0,21.0,0.0,2.0,900,900
2.0,21.0,0.0,3.0,952,952
2.0,21.0,0.0,4.0,783,783
2.0,21.0,0.0,5.0,614,614
2.0,21.0,0.0,6.0,467,467
2.0,21.0,0.0,7.0,277,277
2.0,21.0,0.0,8.0,142,142
2.0,21.0,0.0,9.0,70,70
2.0,21.0,0.0,10.0,46,46
2.0,21.0,0.0,11.0,23,23
2.0,21.0,0.0,12.0,8,8
2.0,21.0,0.0,13.0,12,12
2.0,21.0,0.0,16.0,6,6
2.0,21.0,0.0,21.0,1,1
2.0,21.0,0.0,22.0,1,1
2.0,21.0,0.0,36.0,1,1
2.0,21.0,0.0,43.0,1,1
2.0,21.0,0.0,44.0,1,1
2.0,21.0,1.0,3.0,1,1
2.0,21.0,1.0,4.0,3,3
2.0,21.0,1.0,5.0,10,10
2.0,21.0,1.0,6.0,15,15
2.0,21.0,1.0,7.0,26,26
2.0,21.0,1.0,8.0,48,48
2.0,21.0,1.0,9.0,43,43
2.0,21.0,1.0,10.0,77,77
2.0,21.0,1.0,11.0,64,64
2.0,21.0,1.0,12.0,61,61
2.0,21.0,1.0,13.0,74,74
2.0,21.0,1.0,14.0,53,53
2.0,21.0,1.0,15.0,64,64
2.0,21.0,1.0,16.0,58,58
2.0,21.0,1.0,17.0,53,53
2.0,21.0,1.0,18.0,50,50
2.0,21.0,1.0,19.0,45,45
2.0,21.0,1.0,20.0,47,47
2.0,21.0,1.0,21.0,39,39
2.0,21.0,1.0,22.0,36,36
2.0,21.0,1.0,23.0,29,29
2.0,21.0,1.0,24.0,25,25
2.0,21.0,1.0,25.0,28,28
2.0,21.0,1.0,26.0,26,26
2.0,21.0,1.0,27.0,18,18
2.0,21.0,1.0,28.0,19,19
2.0,21.0,1.0,29.0,13,13
2.0,21.0,1.0,30.0,10,10
2.0,21.0,1.0,31.0,9,9
2.0,21.0,1.0,32.0,7,7
2.0,21.0,1.0,33.0,6,6
2.0,21.0,1.0,34.0,4,4
2.0,21.0,1.0,35.0,5,5
2.0,21.0,1.0,36.0,3,3
2.0,21.0,1.0,37.0,2,2
2.0,22.0,0.0,-6.0,1,1
2.0,22.0,0.0,-4.0,2,2
2.0,22.0,0.0,-3.0,5,5
2.0,22.0,0.0,-2.0,12,12
2.0,22.0,0.0,-1.0,32,32
2.0,22.0,0.0,0.0,84,84
2.0,22.0,0.0,1.0,191,191
2.0,22.0,0.0,2.0,345,345
2.0,22.0,0.0,3.0,671,671
2.0,22.0,0.0,4.0,984,984
2.0,22.0,0.0,5.0,1226,1226
2.0,22.0,0.0,6.0,1420,1420
2.0,22.0,0.0,7.0,1412,1412
2.0,22.0,0.0,8.0,1212,1212
2.0,22.0,0.0,9.0,913,913
2.0,22.0,0.0,10.0,581,581
2.0,22.0,0.0,11.0,357,357
2.0,22.0,0.0,12.0,251,251
2.0,22.0,0.0,13.0,112,112
2.0,22.0,0.0,14.0,67,67
2.0,22.0,0.0,15.0,53,53
2.0,22.0,0.0,16.0,24,24
2.0,22.0,0.0,17.0,21,21
2.0,22.0,0.0,18.0,14,14
2.0,22.0,0.0,19.0,6,6
2.0,22.0,0.0,20.0,4,4
2.0,22.0,0.0,21.0,3,3
2.0,22.0,0.0,22.0,2,2
2.0,22.0,0.0,23.0,2,2
2.0,22.0,0.0,33.0,1,1
2.0,22.0,0.0,34.0,1,1
2.0,22.0,0.0,35.0,1,1
2.0,22.0,0.0,36.0,1,1
2.0,22.0,0.0,37.0,1,1
2.0,22.0,0.0,38.0,2,2
2.0,22.0,0.0,42.0,2,2
2.0,22.0,0.0,43.0,1,1
2.0,22.0,1.0,6.0,2,2
2.0,22.0,1.0,7.0,5,5
2.0,22.0,1.0,8.0,17,17
2.0,22.0,1.0,9.0,26,26
2.0,22.0,1.0,10.0,55,55
2.0,22.0,1.0,11.0,77,77
2.0,22.0,1.0,12.0,102,102
2.0,22.0,1.0,13.0,109,109
2.0,22.0,1.0,14.0,117,117
2.0,22.0,1.0,15.0,112,112
2.0,22.0,1.0,16.0,108,108
2.0,22.0,1.0,17.0,91,91
2.0,22.0,1.0,18.0,71,71
2.0,22.0,1.0,19.0,82,82
2.0,22.0,1.0,20.0,64,64
2.0,22.0,1.0,21.0,56,56
2.0,22.0,1.0,22.0,41,41
2.0,22.0,1.0,23.0,41,41
2.0,22.0,1.0,24.0,46,46
2.0,22.0,1.0,25.0,50,50
2.0,22.0,1.0,26.0,53,53
2.0,22.0,1.0,27.0,44,44
2.0,22.0,1.0,28.0,42,42
2.0,22.0,1.0,29.0,20,20
2.0,22.0,1.0,30.0,19,19
2.0,22.0,1.0,31.0,19,19
2.0,22.0,1.0,32.0,24,24
2.0,22.0,1.0,33.0,11,11
2.0,22.0,1.0,34.0,12,12
2.0,22.0,1.0,35.0,8,8
2.0,22.0,1.0,36.0,4,4
2.0,22.0,1.0,37.0,3,3
2.0,22.0,1.0,38.0,1,1
2.0,22.0,1.0,39.0,5,5
2.0,22.0,1.0,40.0,4,4
2.0,22.0,1.0,41.0,2,2
2.0,23.0,0.0,-2.0,2,2
2.0,23.0,0.0,-1.0,1,1
2.0,23.0,0.0,0.0,2,2
2.0,23.0,0.0,1.0,9,9
2.0,23.0,0.0,2.0,28,28
2.0,23.0,0.0,3.0,53,53
2.0,23.0,0.0,4.0,174,174
2.0,23.0,0.0,5.0,290,290
2.0,23.0,0.0,6.0,540,540
2.0,23.0,0.0,7.0,924,924
2.0,23.0,0.0,8.0,1359,1359
2.0,23.0,0.0,9.0,1702,1702
2.0,23.0,0.0,10.0,1874,1874
2.0,23.0,0.0,11.0,1819,1819
2.0,23.0,0.0,12.0,1761,1761
2.0,23.0,0.0,13.0,1398,1398
2.0,23.0,0.0,14.0,998,998
2.0,23.0,0.0,15.0,721,721
2.0,23.0,0.0,16.0,477,477
2.0,23.0,0.0,17.0,320,320
2.0,23.0,0.0,18.0,214,214
2.0,23.0,0.0,19.0,125,125
2.0,23.0,0.0,20.0,105,105
2.0,23.0,0.0,21.0,47,47
2.0,23.0,0.0,22.0,37,37
2.0,23.0,0.0,23.0,22,22
2.0,23.0,0.0,24.0,13,13
2.0,23.0,0.0,25.0,6,6
2.0,23.0,0.0,26.0,13,13
2.0,23.0,0.0,27.0,6,6
2.0,23.0,0.0,28.0,5,5
2.0,23.0,0.0,29.0,12,12
2.0,23.0,0.0,30.0,5,5
2.0,23.0,0.0,31.0,5,5
2.0,23.0,0.0,32.0,3,3
2.0,23.0,0.0,33.0,3,3
2.0,23.0,0.0,34.0,6,6
2.0,23.0,0.0,35.0,5,5
2.0,23.0,0.0,36.0,6,6
2.0,23.0,0.0,37.0,9,9
2.0,23.0,0.0,38.0,6,6
2.0,23.0,0.0,39.0,15,15
2.0,23.0,0.0,40.0,8,8
2.0,23.0,0.0,41.0,14,14
2.0,23.0,0.0,42.0,10,10
2.0,23.0,0.0,43.0,16,16
2.0,23.0,0.0,44.0,10,10
2.0,23.0,1.0,9.0,2,2
2.0,23.0,1.0,10.0,6,6
2.0,23.0,1.0,11.0,21,21
2.0,23.0,1.0,12.0,37,37
2.0,23.0,1.0,13.0,89,89
2.0,23.0,1.0,14.0,110,110
2.0,23.0,1.0,15.0,164,164
2.0,23.0,1.0,16.0,202,202
2.0,23.0,1.0,17.0,247,247
2.0,23.0,1.0,18.0,236,236
2.0,23.0,1.0,19.0,237,237
2.0,23.0,1.0,20.0,167,167
2.0,23.0,1.0,21.0,162,162
2.0,23.0,1.0,22.0,148,148
2.0,23.0,1.0,23.0,124,124
2.0,23.0,1.0,24.0,107,107
2.0,23.0,1.0,25.0,98,98
2.0,23.0,1.0,26.0,92,92
2.0,23.0,1.0,27.0,82,82
2.0,23.0,1.0,28.0,84,84
2.0,23.0,1.0,29.0,70,70
2.0,23.0,1.0,30.0,65,65
2.0,23.0,1.0,31.0,57,57
2.0,23.0,1.0,32.0,36,36
2.0,23.0,1.0,33.0,35,35
2.0,23.0,1.0,34.0,24,24
2.0,23.0,1.0,35.0,18,18
2.0,23.0,1.0,36.0,15,15
2.0,23.0,1.0,37.0,8,8
2.0,23.0,1.0,38.0,19,19
2.0,23.0,1.0,39.0,14,14
2.0,23.0,1.0,40.0,17,17
2.0,23.0,1.0,41.0,15,15
2.0,23.0,1.0,42.0,16,16
2.0,23.0,1.0,43.0,11,11
2.0,23.0,1.0,44.0,8,8
2.0,23.0,1.0,45.0,3,3
3.0,18.0,0.0,-14.0,1,1
3.0,18.0,0.0,-13.0,3,3
3.0,18.0,0.0,-12.0,5,5
3.0,18.0,0.0,-11.0,11,11
3.0,18.0,0.0,-10.0,23,23
3.0,18.0,0.0,-9.0,46,46
3.0,18.0,0.0,-8.0,101,101
3.0,18.0,0.0,-7.0,203,203
3.0,18.0,0.0,-6.0,310,310
3.0,18.0,0.0,-5.0,399,399
3.0,18.0,0.0,-4.0,427,427
3.0,18.0,0.0,-3.0,394,394
3.0,18.0,0.0,-2.0,304,304
3.0,18.0,0.0,-1.0,208,208
3.0,18.0,0.0,0.0,134,134
3.0,18.0,0.0,1.0,86,86
3.0,18.0,0.0,2.0,39,39
3.0,18.0,0.0,3.0,11,11
3.0,18.0,0.0,4.0,19,19
3.0,18.0,0.0,5.0,6,6
3.0,18.0,0.0,6.0,4,4
3.0,18.0,0.0,8.0,3,3
3.0,18.0,0.0,12.0,1,1
3.0,18.0,0.0,16.0,1,1
3.0,18.0,1.0,-1.0,3,3
3.0,18.0,1.0,0.0,6,6
3.0,18.0,1.0,1.0,16,16
3.0,18.0,1.0,2.0,28,28
3.0,18.0,1.0,3.0,16,16
3.0,18.0,1.0,4.0,26,26
3.0,18.0,1.0,5.0,29,29
3.0,18.0,1.0,6.0,35,35
3.0,18.0,1.0,7.0,23,23
3.0,18.0,1.0,8.0,19,19
3.0,18.0,1.0,9.0,22,22
3.0,18.0,1.0,10.0,25,25
3.0,18.0,1.0,11.0,33,33
3.0,18.0,1.0,12.0,28,28
3.0,18.0,1.0,13.0,20,20
3.0,18.0,1.0,14.0,26,26
3.0,18.0,1.0,15.0,29,29
3.0,18.0,1.0,16.0,19,19
3.0,18.0,1.0,17.0,24,24
3.0,18.0,1.0,18.0,16,16
3.0,18.0,1.0,19.0,14,14
3.0,18.0,1.0,20.0,17,17
3.0,18.0,1.0,21.0,15,15
3.0,18.0,1.0,22.0,12,12
3.0,18.0,1.0,23.0,14,14
3.0,18.0,1.0,24.0,10,10
3.0,18.0,1.0,25.0,8,8
3.0,18.0,1.0,26.0,12,12
3.0,18.0,1.0,27.0,11,11
3.0,18.0,1.0,28.0,4,4
3.0,18.0,1.0,29.0,6,6
3.0,18.0,1.0,30.0,5,5
3.0,18.0,1.0,31.0,2,2
3.0,18.0,1.0,33.0,1,1
3.0,18.0,1.0,35.0,1,1
3.0,19.0,0.0,-11.0,4,4
3.0,19.0,0.0,-10.0,6,6
3.0,19.0,0.0,-9.0,6,6
3.0,19.0,0.0,-8.0,23,23
3.0,19.0,0.0,-7.0,57,57
3.0,19.0,0.0,-6.0,116,116
3.0,19.0,0.0,-5.0,274,274
3.0,19.0,0.0,-4.0,456,456
3.0,19.0,0.0,-3.0,644,644
3.0,19.0,0.0,-2.0,808,808
3.0,19.0,0.0,-1.0,756,756
3.0,19.0,0.0,0.0,707,707
3.0,19.0,0.0,1.0,476,476
3.0,19.0,0.0,2.0,302,302
3.0,19.0,0.0,3.0,185,185
3.0,19.0,0.0,4.0,97,97
3.0,19.0,0.0,5.0,57,57
3.0,19.0,0.0,6.0,38,38
3.0,19.0,0.0,7.0,15,15
3.0,19.0,0.0,8.0,8,8
3.0,19.0,0.0,9.0,8,8
3.0,19.0,0.0,10.0,1,1
3.0,19.0,0.0,12.0,1,1
3.0,19.0,0.0,14.0,1,1
3.0,19.0,0.0,16.0,1,1
3.0,19.0,0.0,17.0,1,1
3.0,19.0,0.0,22.0,1,1
3.0,19.0,1.0,0.0,2,2
3.0,19.0,1.0,1.0,4,4
3.0,19.0,1.0,2.0,11,11
3.0,19.0,1.0,3.0,24,24
3.0,19.0,1.0,4.0,36,36
3.0,19.0,1.0,5.0,37,37
3.0,19.0,1.0,6.0,50,50
3.0,19.0,1.0,7.0,50,50
3.0,19.0,1.0,8.0,57,57
3.0,19.0,1.0,9.0,46,46
3.0,19.0,1.0,10.0,68,68
3.0,19.0,1.0,11.0,58,58
3.0,19.0,1.0,12.0,56,56
3.0,19.0,1.0,13.0,49,49
3.0,19.0,1.0,14.0,46,46
3.0,19.0,1.0,15.0,40,40
3.0,19.0,1.0,16.0,43,43
3.0,19.0,1.0,17.0,28,28
3.0,19.0,1.0,18.0,27,27
3.0,19.0,1.0,19.0,28,28
3.0,19.0,1.0,20.0,29,29
3.0,19.0,1.0,21.0,23,23
3.0,19.0,1.0,22.0,27,27
3.0,19.0,1.0,23.0,18,18
3.0,19.0,1.0,24.0,24,24
3.0,19.0,1.0,25.0,20,20
3.0,19.0,1.0,26.0,18,18
3.0,19.0,1.0,27.0,14,14
3.0,19.0,1.0,28.0,10,10
3.0,19.0,1.0,29.0,6,6
3.0,19.0,1.0,30.0,5,5
3.0,19.0,1.0,31.0,2,2
3.0,19.0,1.0,32.0,1,1
3.0,19.0,1.0,33.0,1,1
3.0,20.0,0.0,-10.0,1,1
3.0,20.0,0.0,-8.0,5,5
3.0,20.0,0.0,-7.0,9,9
3.0,20.0,0.0,-6.0,23,23
3.0,20.0,0.0,-5.0,51,51
3.0,20.0,0.0,-4.0,116,116
3.0,20.0,0.0,-3.0,270,270
3.0,20.0,0.0,-2.0,476,476
3.0,20.0,0.0,-1.0,812,812
3.0,20.0,0.0,0.0,1153,1153
3.0,20.0,0.0,1.0,1310,1310
3.0,20.0,0.0,2.0,1291,1291
3.0,20.0,0.0,3.0,1135,1135
3.0,20.0,0.0,4.0,760,760
3.0,20.0,0.0,5.0,539,539
3.0,20.0,0.0,6.0,274,274
3.0,20.0,0.0,7.0,182,182
3.0,20.0,0.0,8.0,90,90
3.0,20.0,0.0,9.0,35,35
3.0,20.0,0.0,10.0,19,19
3.0,20.0,0.0,11.0,13,13
3.0,20.0,0.0,12.0,6,6
3.0,20.0,0.0,13.0,3,3
3.0,20.0,0.0,14.0,2,2
3.0,20.0,0.0,15.0,3,3
3.0,20.0,0.0,16.0,3,3
3.0,20.0,0.0,20.0,1,1
3.0,20.0,0.0,24.0,1,1
3.0,20.0,0.0,27.0,1,1
3.0,20.0,0.0,33.0,1,1
3.0,20.0,0.0,42.0,1,1
3.0,20.0,1.0,2.0,1,1
3.0,20.0,1.0,3.0,4,4
3.0,20.0,1.0,4.0,10,10
3.0,20.0,1.0,5.0,18,18
3.0,20.0,1.0,6.0,52,52
3.0,20.0,1.0,7.0,72,72
3.0,20.0,1.0,8.0,87,87
3.0,20.0,1.0,9.0,90,90
3.0,20.0,1.0,10.0,96,96
3.0,20.0,1.0,11.0,94,94
3.0,20.0,1.0,12.0,99,99
3.0,20.0,1.0,13.0,77,77
3.0,20.0,1.0,14.0,87,87
3.0,20.0,1.0,15.0,73,73
3.0,20.0,1.0,16.0,74,74
3.0,20.0,1.0,17.0,63,63
3.0,20.0,1.0,18.0,71,71
3.0,20.0,1.0,19.0,61,61
3.0,20.0,1.0,20.0,48,48
3.0,20.0,1.0,21.0,37,37
3.0,20.0,1.0,22.0,44,44
3.0,20.0,1.0,23.0,39,39
3.0,20.0,1.0,24.0,36,36
3.0,20.0,1.0,25.0,33,33
3.0,20.0,1.0,26.0,27,27
3.0,20.0,1.0,27.0,19,19
3.0,20.0,1.0,28.0,20,20
3.0,20.0,1.0,29.0,20,20
3.0,20.0,1.0,30.0,13,13
3.0,20.0,1.0,31.0,7,7
3.0,20.0,1.0,32.0,2,2
3.0,20.0,1.0,33.0,4,4
3.0,20.0,1.0,34.0,2,2
3.0,20.0,1.0,35.0,1,1
3.0,21.0,0.0,-7.0,1,1
3.0,21.0,0.0,-5.0,2,2
3.0,21.0,0.0,-4.0,10,10
3.0,21.0,0.0,-3.0,29,29
3.0,21.0,0.0,-2.0,80,80
3.0,21.0,0.0,-1.0,201,201
3.0,21.0,0.0,0.0,415,415
3.0,21.0,0.0,1.0,755,755
3.0,21.0,0.0,2.0,1250,1250
3.0,21.0,0.0,3.0,1775,1775
3.0,21.0,0.0,4.0,2139,2139
3.0,21.0,0.0,5.0,2147,2147
3.0,21.0,0.0,6.0,1863,1863
3.0,21.0,0.0,7.0,1362,1362
3.0,21.0,0.0,8.0,924,924
3.0,21.0,0.0,9.0,574,574
3.0,21.0,0.0,10.0,311,311
3.0,21.0,0.0,11.0,176,176
3.0,21.0,0.0,12.0,97,97
3.0,21.0,0.0,13.0,48,48
3.0,21.0,0.0,14.0,24,24
3.0,21.0,0.0,15.0,18,18
3.0,21.0,0.0,16.0,10,10
3.0,21.0,0.0,17.0,6,6
3.0,21.0,0.0,18.0,4,4
3.0,21.0,0.0,19.0,5,5
3.0,21.0,0.0,20.0,2,2
3.0,21.0,0.0,22.0,2,2
3.0,21.0,0.0,23.0,1,1
3.0,21.0,0.0,30.0,1,1
3.0,21.0,0.0,37.0,1,1
3.0,21.0,0.0,38.0,1,1
3.0,21.0,0.0,39.0,1,1
3.0,21.0,0.0,40.0,1,1
3.0,21.0,0.0,41.0,1,1
3.0,21.0,0.0,43.0,1,1
3.0,21.0,1.0,5.0,1,1
3.0,21.0,1.0,6.0,9,9
3.0,21.0,1.0,7.0,25,25
3.0,21.0,1.0,8.0,45,45
3.0,21.0,1.0,9.0,95,95
3.0,21.0,1.0,10.0,114,114
3.0,21.0,1.0,11.0,144,144
3.0,21.0,1.0,12.0,186,186
3.0,21.0,1.0,13.0,169,169
3.0,21.0,1.0,14.0,175,175
3.0,21.0,1.0,15.0,164,164
3.0,21.0,1.0,16.0,116,116
3.0,21.0,1.0,17.0,133,133
3.0,21.0,1.0,18.0,120,120
3.0,21.0,1.0,19.0,87,87
3.0,21.0,1.0,20.0,91,91
3.0,21.0,1.0,21.0,93,93
3.0,21.0,1.0,22.0,70,70
3.0,21.0,1.0,23.0,61,61
3.0,21.0,1.0,24.0,61,61
3.0,21.0,1.0,25.0,56,56
3.0,21.0,1.0,26.0,51,51
3.0,21.0,1.0,27.0,43,43
3.0,21.0,1.0,28.0,40,40
3.0,21.0,1.0,29.0,32,32
3.0,21.0,1.0,30.0,23,23
3.0,21.0,1.0,31.0,18,18
3.0,21.0,1.0,32.0,12,12
3.0,21.0,1.0,33.0,13,13
3.0,21.0,1.0,34.0,2,2
3.0,21.0,1.0,35.0,5,5
3.0,21.0,1.0,36.0,2,2
3.0,21.0,1.0,37.0,3,3
3.0,21.0,1.0,38.0,3,3
3.0,21.0,1.0,39.0,1,1
3.0,22.0,0.0,-6.0,1,1
3.0,22.0,0.0,-5.0,1,1
3.0,22.0,0.0,-4.0,2,2
3.0,22.0,0.0,-3.0,4,4
3.0,22.0,0.0,-2.0,2,2
3.0,22.0,0.0,-1.0,15,15
3.0,22.0,0.0,0.0,33,33
3.0,22.0,0.0,1.0,105,105
3.0,22.0,0.0,2.0,229,229
3.0,22.0,0.0,3.0,540,540
3.0,22.0,0.0,4.0,1086,1086
3.0,22.0,0.0,5.0,1766,1766
3.0,22.0,0.0,6.0,2695,2695
3.0,22.0,0.0,7.0,3165,3165
3.0,22.0,0.0,8.0,3423,3423
3.0,22.0,0.0,9.0,3183,3183
3.0,22.0,0.0,10.0,2535,2535
3.0,22.0,0.0,11.0,1882,1882
3.0,22.0,0.0,12.0,1268,1268
3.0,22.0,0.0,13.0,798,798
3.0,22.0,0.0,14.0,467,467
3.0,22.0,0.0,15.0,270,270
3.0,22.0,0.0,16.0,153,153
3.0,22.0,0.0,17.0,73,73
3.0,22.0,0.0,18.0,50,50
3.0,22.0,0.0,19.0,26,26
3.0,22.0,0.0,20.0,17,17
3.0,22.0,0.0,21.0,16,16
3.0,22.0,0.0,22.0,3,3
3.0,22.0,0.0,23.0,2,2
3.0,22.0,0.0,24.0,4,4
3.0,22.0,0.0,26.0,4,4
3.0,22.0,0.0,27.0,2,2
3.0,22.0,0.0,30.0,1,1
3.0,22.0,0.0,31.0,4,4
3.0,22.0,0.0,32.0,3,3
3.0,22.0,0.0,34.0,2,2
3.0,22.0,0.0,35.0,1,1
3.0,22.0,0.0,36.0,3,3
3.0,22.0,0.0,37.0,2,2
3.0,22.0,0.0,38.0,8,8
3.0,22.0,0.0,39.0,2,2
3.0,22.0,0.0,40.0,1,1
3.0,22.0,0.0,41.0,2,2
3.0,22.0,0.0,42.0,3,3
3.0,22.0,0.0,43.0,4,4
3.0,22.0,0.0,44.0,3,3
3.0,22.0,1.0,7.0,1,1
3.0,22.0,1.0,8.0,4,4
3.0,22.0,1.0,9.0,20,20
3.0,22.0,1.0,10.0,24,24
3.0,22.0,1.0,11.0,82,82
3.0,22.0,1.0,12.0,154,154
3.0,22.0,1.0,13.0,216,216
3.0,22.0,1.0,14.0,292,292
3.0,22.0,1.0,15.0,332,332
3.0,22.0,1.0,16.0,344,344
3.0,22.0,1.0,17.0,288,288
3.0,22.0,1.0,18.0,249,249
3.0,22.0,1.0,19.0,201,201
3.0,22.0,1.0,20.0,211,211
3.0,22.0,1.0,21.0,167,167
3.0,22.0,1.0,22.0,143,143
3.0,22.0,1.0,23.0,137,137
3.0,22.0,1.0,24.0,116,116
3.0,22.0,1.0,25.0,82,82
3.0,22.0,1.0,26.0,86,86
3.0,22.0,1.0,27.0,88,88
3.0,22.0,1.0,28.0,62,62
3.0,22.0,1.0,29.0,54,54
3.0,22.0,1.0,30.0,54,54
3.0,22.0,1.0,31.0,39,39
3.0,22.0,1.0,32.0,35,35
3.0,22.0,1.0,33.0,13,13
3.0,22.0,1.0,34.0,14,14
3.0,22.0,1.0,35.0,11,11
3.0,22.0,1.0,36.0,8,8
3.0,22.0,1.0,37.0,3,3
3.0,22.0,1.0,38.0,4,4
3.0,22.0,1.0,39.0,8,8
3.0,22.0,1.0,40.0,3,3
3.0,22.0,1.0,41.0,3,3
3.0,22.0,1.0,42.0,1,1
3.0,22.0,1.0,43.0,1,1
3.0,23.0,0.0,-3.0,1,1
3.0,23.0,0.0,-1.0,2,2
3.0,23.0,0.0,0.0,2,2
3.0,23.0,0.0,1.0,4,4
3.0,23.0,0.0,2.0,17,17
3.0,23.0,0.0,3.0,40,40
3.0,23.0,0.0,4.0,106,106
3.0,23.0,0.0,5.0,258,258
3.0,23.0,0.0,6.0,626,626
3.0,23.0,0.0,7.0,1128,1128
3.0,23.0,0.0,8.0,2048,2048
3.0,23.0,0.0,9.0,3041,3041
3.0,23.0,0.0,10.0,4158,4158
3.0,23.0,0.0,11.0,4772,4772
3.0,23.0,0.0,12.0,5068,5068
3.0,23.0,0.0,13.0,4645,4645
3.0,23.0,0.0,14.0,3925,3925
3.0,23.0,0.0,15.0,3065,3065
3.0,23.0,0.0,16.0,2154,2154
3.0,23.0,0.0,17.0,1507,1507
3.0,23.0,0.0,18.0,881,881
3.0,23.0,0.0,19.0,593,593
3.0,23.0,0.0,20.0,376,376
3.0,23.0,0.0,21.0,219,219
3.0,23.0,0.0,22.0,147,147
3.0,23.0,0.0,23.0,72,72
3.0,23.0,0.0,24.0,54,54
3.0,23.0,0.0,25.0,36,36
3.0,23.0,0.0,26.0,32,32
3.0,23.0,0.0,27.0,26,26
3.0,23.0,0.0,28.0,25,25
3.0,23.0,0.0,29.0,24,24
3.0,23.0,0.0,30.0,19,19
3.0,23.0,0.0,31.0,16,16
3.0,23.0,0.0,32.0,14,14
3.0,23.0,0.0,33.0,17,17
3.0,23.0,0.0,34.0,21,21
3.0,23.0,0.0,35.0,13,13
3.0,23.0,0.0,36.0,16,16
3.0,23.0,0.0,37.0,25,25
3.0,23.0,0.0,38.0,37,37
3.0,23.0,0.0,39.0,38,38
3.0,23.0,0.0,40.0,34,34
3.0,23.0,0.0,41.0,56,56
3.0,23.0,0.0,42.0,44,44
3.0,23.0,0.0,43.0,47,47
3.0,23.0,0.0,44.0,32,32
3.0,23.0,0.0,45.0,3,3
3.0,23.0,1.0,10.0,2,2
3.0,23.0,1.0,11.0,4,4
3.0,23.0,1.0,12.0,25,25
3.0,23.0,1.0,13.0,55,55
3.0,23.0,1.0,14.0,146,146
3.0,23.0,1.0,15.0,275,275
3.0,23.0,1.0,16.0,401,401
3.0,23.0,1.0,17.0,505,505
3.0,23.0,1.0,18.0,567,567
3.0,23.0,1.0,19.0,556,556
3.0,23.0,1.0,20.0,480,480
3.0,23.0,1.0,21.0,440,440
3.0,23.0,1.0,22.0,388,388
3.0,23.0,1.0,23.0,350,350
3.0,23.0,1.0,24.0,271,271
3.0,23.0,1.0,25.0,224,224
3.0,23.0,1.0,26.0,193,193
3.0,23.0,1.0,27.0,191,191
3.0,23.0,1.0,28.0,163,163
3.0,23.0,1.0,29.0,129,129
3.0,23.0,1.0,30.0,100,100
3.0,23.0,1.0,31.0,86,86
3.0,23.0,1.0,32.0,83,83
3.0,23.0,1.0,33.0,50,50
3.0,23.0,1.0,34.0,39,39
3.0,23.0,1.0,35.0,40,40
3.0,23.0,1.0,36.0,38,38
3.0,23.0,1.0,37.0,28,28
3.0,23.0,1.0,38.0,28,28
3.0,23.0,1.0,39.0,37,37
3.0,23.0,1.0,40.0,20,20
3.0,23.0,1.0,41.0,20,20
3.0,23.0,1.0,42.0,28,28
3.0,23.0,1.0,43.0,26,26
3.0,23.0,1.0,44.0,19,19
3.0,23.0,1.0,45.0,1,1
4.0,18.0,0.0,-9.0,1,1
4.0,18.0,0.0,-8.0,7,7
4.0,18.0,0.0,-7.0,19,19
4.0,18.0,0.0,-6.0,22,22
4.0,18.0,0.0,-5.0,50,50
4.0,18.0,0.0,-4.0,68,68
4.0,18.0,0.0,-3.0,84,84
4.0,18.0,0.0,-2.0,71,71
4.0,18.0,0.0,-1.0,79,79
4.0,18.0,0.0,0.0,45,45
4.0,18.0,0.0,1.0,34,34
4.0,18.0,0.0,2.0,30,30
4.0,18.0,0.0,3.0,19,19
4.0,18.0,0.0,4.0,14,14
4.0,18.0,0.0,5.0,15,15
4.0,18.0,0.0,6.0,22,22
4.0,18.0,0.0,7.0,13,13
4.0,18.0,0.0,8.0,8,8
4.0,18.0,0.0,9.0,11,11
4.0,18.0,0.0,10.0,10,10
4.0,18.0,0.0,11.0,7,7
4.0,18.0,0.0,12.0,5,5
4.0,18.0,0.0,13.0,9,9
4.0,18.0,0.0,14.0,2,2
4.0,18.0,0.0,15.0,2,2
4.0,18.0,0.0,16.0,1,1
4.0,18.0,0.0,17.0,1,1
4.0,18.0,0.0,19.0,1,1
4.0,18.0,0.0,38.0,1,1
4.0,18.0,1.0,1.0,1,1
4.0,18.0,1.0,2.0,1,1
4.0,18.0,1.0,4.0,5,5
4.0,18.0,1.0,5.0,4,4
4.0,18.0,1.0,6.0,4,4
4.0,18.0,1.0,7.0,5,5
4.0,18.0,1.0,8.0,9,9
4.0,18.0,1.0,9.0,5,5
4.0,18.0,1.0,10.0,4,4
4.0,18.0,1.0,11.0,9,9
4.0,18.0,1.0,12.0,8,8
4.0,18.0,1.0,13.0,13,13
4.0,18.0,1.0,14.0,9,9
4.0,18.0,1.0,15.0,11,11
4.0,18.0,1.0,16.0,4,4
4.0,18.0,1.0,17.0,4,4
4.0,18.0,1.0,18.0,3,3
4.0,18.0,1.0,19.0,9,9
4.0,18.0,1.0,20.0,3,3
4.0,18.0,1.0,21.0,2,2
4.0,18.0,1.0,22.0,5,5
4.0,18.0,1.0,23.0,2,2
4.0,18.0,1.0,24.0,1,1
4.0,18.0,1.0,25.0,5,5
4.0,18.0,1.0,26.0,1,1
4.0,18.0,1.0,27.0,3,3
4.0,18.0,1.0,28.0,3,3
4.0,18.0,1.0,29.0,5,5
4.0,18.0,1.0,30.0,3,3
4.0,18.0,1.0,31.0,2,2
4.0,18.0,1.0,32.0,2,2
4.0,18.0,1.0,36.0,1,1
4.0,19.0,0.0,-6.0,3,3
4.0,19.0,0.0,-5.0,10,10
4.0,19.0,0.0,-4.0,29,29
4.0,19.0,0.0,-3.0,66,66
4.0,19.0,0.0,-2.0,112,112
4.0,19.0,0.0,-1.0,141,141
4.0,19.0,0.0,0.0,145,145
4.0,19.0,0.0,1.0,158,158
4.0,19.0,0.0,2.0,127,127
4.0,19.0,0.0,3.0,98,98
4.0,19.0,0.0,4.0,50,50
4.0,19.0,0.0,5.0,35,35
4.0,19.0,0.0,6.0,23,23
4.0,19.0,0.0,7.0,17,17
4.0,19.0,0.0,8.0,20,20
4.0,19.0,0.0,9.0,12,12
4.0,19.0,0.0,10.0,13,13
4.0,19.0,0.0,11.0,13,13
4.0,19.0,0.0,12.0,8,8
4.0,19.0,0.0,13.0,10,10
4.0,19.0,0.0,14.0,7,7
4.0,19.0,0.0,15.0,5,5
4.0,19.0,0.0,16.0,6,6
4.0,19.0,0.0,17.0,6,6
4.0,19.0,0.0,18.0,7,7
4.0,19.0,0.0,19.0,1,1
4.0,19.0,0.0,20.0,1,1
4.0,19.0,0.0,23.0,1,1
4.0,19.0,0.0,31.0,1,1
4.0,19.0,1.0,3.0,3,3
4.0,19.0,1.0,4.0,3,3
4.0,19.0,1.0,5.0,6,6
4.0,19.0,1.0,6.0,4,4
4.0,19.0,1.0,7.0,12,12
4.0,19.0,1.0,8.0,12,12
4.0,19.0,1.0,9.0,14,14
4.0,19.0,1.0,10.0,11,11
4.0,19.0,1.0,11.0,10,10
4.0,19.0,1.0,12.0,14,14
4.0,19.0,1.0,13.0,11,11
4.0,19.0,1.0,14.0,14,14
4.0,19.0,1.0,15.0,11,11
4.0,19.0,1.0,16.0,12,12
4.0,19.0,1.0,17.0,9,9
4.0,19.0,1.0,18.0,11,11
4.0,19.0,1.0,19.0,5,5
4.0,19.0,1.0,20.0,7,7
4.0,19.0,1.0,21.0,1,1
4.0,19.0,1.0,22.0,6,6
4.0,19.0,1.0,23.0,7,7
4.0,19.0,1.0,24.0,5,5
4.0,19.0,1.0,25.0,2,2
4.0,19.0,1.0,26.0,7,7
4.0,19.0,1.0,27.0,2,2
4.0,19.0,1.0,28.0,5,5
4.0,19.0,1.0,29.0,2,2
4.0,19.0,1.0,30.0,6,6
4.0,19.0,1.0,31.0,1,1
4.0,19.0,1.0,32.0,6,6
4.0,20.0,0.0,-6.0,1,1
4.0,20.0,0.0,-5.0,4,4
4.0,20.0,0.0,-4.0,11,11
4.0,20.0,0.0,-3.0,12,12
4.0,20.0,0.0,-2.0,34,34
4.0,20.0,0.0,-1.0,71,71
4.0,20.0,0.0,0.0,120,120
4.0,20.0,0.0,1.0,184,184
4.0,20.0,0.0,2.0,249,249
4.0,20.0,0.0,3.0,278,278
4.0,20.0,0.0,4.0,235,235
4.0,20.0,0.0,5.0,172,172
4.0,20.0,0.0,6.0,113,113
4.0,20.0,0.0,7.0,74,74
4.0,20.0,0.0,8.0,63,63
4.0,20.0,0.0,9.0,29,29
4.0,20.0,0.0,10.0,22,22
4.0,20.0,0.0,11.0,20,20
4.0,20.0,0.0,12.0,15,15
4.0,20.0,0.0,13.0,18,18
4.0,20.0,0.0,14.0,13,13
4.0,20.0,0.0,15.0,14,14
4.0,20.0,0.0,16.0,6,6
4.0,20.0,0.0,17.0,10,10
4.0,20.0,0.0,18.0,9,9
4.0,20.0,0.0,19.0,6,6
4.0,20.0,0.0,20.0,2,2
4.0,20.0,0.0,21.0,1,1
4.0,20.0,0.0,22.0,4,4
4.0,20.0,0.0,23.0,1,1
4.0,20.0,0.0,27.0,1,1
4.0,20.0,0.0,38.0,1,1
4.0,20.0,1.0,5.0,1,1
4.0,20.0,1.0,6.0,2,2
4.0,20.0,1.0,7.0,5,5
4.0,20.0,1.0,8.0,13,13
4.0,20.0,1.0,9.0,11,11
4.0,20.0,1.0,10.0,17,17
4.0,20.0,1.0,11.0,19,19
4.0,20.0,1.0,12.0,18,18
4.0,20.0,1.0,13.0,17,17
4.0,20.0,1.0,14.0,22,22
4.0,20.0,1.0,15.0,15,15
4.0,20.0,1.0,16.0,13,13
4.0,20.0,1.0,17.0,17,17
4.0,20.0,1.0,18.0,15,15
4.0,20.0,1.0,19.0,14,14
4.0,20.0,1.0,20.0,10,10
4.0,20.0,1.0,21.0,11,11
4.0,20.0,1.0,22.0,9,9
4.0,20.0,1.0,23.0,10,10
4.0,20.0,1.0,24.0,8,8
4.0,20.0,1.0,25.0,7,7
4.0,20.0,1.0,26.0,9,9
4.0,20.0,1.0,27.0,9,9
4.0,20.0,1.0,28.0,6,6
4.0,20.0,1.0,29.0,11,11
4.0,20.0,1.0,30.0,7,7
4.0,20.0,1.0,31.0,5,5
4.0,20.0,1.0,32.0,2,2
4.0,20.0,1.0,33.0,2,2
4.0,21.0,0.0,-3.0,2,2
4.0,21.0,0.0,-2.0,3,3
4.0,21.0,0.0,-1.0,9,9
4.0,21.0,0.0,0.0,28,28
4.0,21.0,0.0,1.0,55,55
4.0,21.0,0.0,2.0,117,117
4.0,21.0,0.0,3.0,244,244
4.0,21.0,0.0,4.0,360,360
4.0,21.0,0.0,5.0,435,435
4.0,21.0,0.0,6.0,458,458
4.0,21.0,0.0,7.0,446,446
4.0,21.0,0.0,8.0,364,364
4.0,21.0,0.0,9.0,251,251
4.0,21.0,0.0,10.0,140,140
4.0,21.0,0.0,11.0,95,95
4.0,21.0,0.0,12.0,67,67
4.0,21.0,0.0,13.0,48,48
4.0,21.0,0.0,14.0,22,22
4.0,21.0,0.0,15.0,31,31
4.0,21.0,0.0,16.0,23,23
4.0,21.0,0.0,17.0,25,25
4.0,21.0,0.0,18.0,19,19
4.0,21.0,0.0,19.0,11,11
4.0,21.0,0.0,20.0,14,14
4.0,21.0,0.0,21.0,13,13
4.0,21.0,0.0,22.0,13,13
4.0,21.0,0.0,23.0,1,1
4.0,21.0,0.0,24.0,7,7
4.0,21.0,0.0,25.0,5,5
4.0,21.0,0.0,26.0,2,2
4.0,21.0,0.0,27.0,2,2
4.0,21.0,0.0,28.0,1,1
4.0,21.0,0.0,29.0,2,2
4.0,21.0,0.0,31.0,1,1
4.0,21.0,0.0,34.0,1,1
4.0,21.0,0.0,43.0,1,1
4.0,21.0,1.0,8.0,2,2
4.0,21.0,1.0,9.0,8,8
4.0,21.0,1.0,10.0,9,9
4.0,21.0,1.0,11.0,16,16
4.0,21.0,1.0,12.0,35,35
4.0,21.0,1.0,13.0,27,27
4.0,21.0,1.0,14.0,34,34
4.0,21.0,1.0,15.0,29,29
4.0,21.0,1.0,16.0,27,27
4.0,21.0,1.0,17.0,29,29
4.0,21.0,1.0,18.0,23,23
4.0,21.0,1.0,19.0,22,22
4.0,21.0,1.0,20.0,20,20
4.0,21.0,1.0,21.0,24,24
4.0,21.0,1.0,22.0,21,21
4.0,21.0,1.0,23.0,34,34
4.0,21.0,1.0,24.0,21,21
4.0,21.0,1.0,25.0,25,25
4.0,21.0,1.0,26.0,18,18
4.0,21.0,1.0,27.0,19,19
4.0,21.0,1.0,28.0,9,9
4.0,21.0,1.0,29.0,10,10
4.0,21.0,1.0,30.0,12,12
4.0,21.0,1.0,31.0,5,5
4.0,21.0,1.0,32.0,6,6
4.0,21.0,1.0,33.0,1,1
4.0,21.0,1.0,34.0,1,1
4.0,21.0,1.0,36.0,1,1
4.0,22.0,0.0,-4.0,1,1
4.0,22.0,0.0,-2.0,1,1
4.0,22.0,0.0,-1.0,1,1
4.0,22.0,0.0,0.0,1,1
4.0,22.0,0.0,1.0,3,3
4.0,22.0,0.0,2.0,11,11
4.0,22.0,0.0,3.0,29,29
4.0,22.0,0.0,4.0,79,79
4.0,22.0,0.0,5.0,143,143
4.0,22.0,0.0,6.0,261,261
4.0,22.0,0.0,7.0,412,412
4.0,22.0,0.0,8.0,550,550
4.0,22.0,0.0,9.0,595,595
4.0,22.0,0.0,10.0,603,603
4.0,22.0,0.0,11.0,528,528
4.0,22.0,0.0,12.0,439,439
4.0,22.0,0.0,13.0,310,310
4.0,22.0,0.0,14.0,190,190
4.0,22.0,0.0,15.0,142,142
4.0,22.0,0.0,16.0,87,87
4.0,22.0,0.0,17.0,71,71
4.0,22.0,0.0,18.0,48,48
4.0,22.0,0.0,19.0,37,37
4.0,22.0,0.0,20.0,37,37
4.0,22.0,0.0,21.0,32,32
4.0,22.0,0.0,22.0,27,27
4.0,22.0,0.0,23.0,18,18
4.0,22.0,0.0,24.0,23,23
4.0,22.0,0.0,25.0,18,18
4.0,22.0,0.0,26.0,15,15
4.0,22.0,0.0,27.0,17,17
4.0,22.0,0.0,28.0,8,8
4.0,22.0,0.0,29.0,7,7
4.0,22.0,0.0,30.0,5,5
4.0,22.0,0.0,31.0,7,7
4.0,22.0,0.0,32.0,1,1
4.0,22.0,0.0,34.0,4,4
4.0,22.0,0.0,36.0,2,2
4.0,22.0,0.0,37.0,1,1
4.0,22.0,0.0,38.0,2,2
4.0,22.0,0.0,41.0,3,3
4.0,22.0,0.0,42.0,2,2
4.0,22.0,0.0,43.0,1,1
4.0,22.0,0.0,44.0,1,1
4.0,22.0,1.0,9.0,1,1
4.0,22.0,1.0,11.0,6,6
4.0,22.0,1.0,12.0,7,7
4.0,22.0,1.0,13.0,36,36
4.0,22.0,1.0,14.0,39,39
4.0,22.0,1.0,15.0,63,63
4.0,22.0,1.0,16.0,44,44
4.0,22.0,1.0,17.0,50,50
4.0,22.0,1.0,18.0,43,43
4.0,22.0,1.0,19.0,42,42
4.0,22.0,1.0,20.0,35,35
4.0,22.0,1.0,21.0,35,35
4.0,22.0,1.0,22.0,18,18
4.0,22.0,1.0,23.0,24,24
4.0,22.0,1.0,24.0,28,28
4.0,22.0,1.0,25.0,27,27
4.0,22.0,1.0,26.0,35,35
4.0,22.0,1.0,27.0,27,27
4.0,22.0,1.0,28.0,20,20
4.0,22.0,1.0,29.0,20,20
4.0,22.0,1.0,30.0,15,15
4.0,22.0,1.0,31.0,9,9
4.0,22.0,1.0,32.0,10,10
4.0,22.0,1.0,33.0,5,5
4.0,22.0,1.0,34.0,4,4
4.0,22.0,1.0,35.0,5,5
4.0,22.0,1.0,36.0,1,1
4.0,22.0,1.0,37.0,3,3
4.0,22.0,1.0,44.0,1,1
4.0,23.0,0.0,2.0,1,1
4.0,23.0,0.0,3.0,3,3
4.0,23.0,0.0,4.0,1,1
4.0,23.0,0.0,5.0,5,5
4.0,23.0,0.0,6.0,9,9
4.0,23.0,0.0,7.0,33,33
4.0,23.0,0.0,8.0,52,52
4.0,23.0,0.0,9.0,168,168
4.0,23.0,0.0,10.0,276,276
4.0,23.0,0.0,11.0,382,382
4.0,23.0,0.0,12.0,478,478
4.0,23.0,0.0,13.0,521,521
4.0,23.0,0.0,14.0,510,510
4.0,23.0,0.0,15.0,538,538
4.0,23.0,0.0,16.0,447,447
4.0,23.0,0.0,17.0,356,356
4.0,23.0,0.0,18.0,323,323
4.0,23.0,0.0,19.0,236,236
4.0,23.0,0.0,20.0,188,188
4.0,23.0,0.0,21.0,178,178
4.0,23.0,0.0,22.0,166,166
4.0,23.0,0.0,23.0,111,111
4.0,23.0,0.0,24.0,105,105
4.0,23.0,0.0,25.0,92,92
4.0,23.0,0.0,26.0,114,114
4.0,23.0,0.0,27.0,91,91
4.0,23.0,0.0,28.0,78,78
4.0,23.0,0.0,29.0,70,70
4.0,23.0,0.0,30.0,41,41
4.0,23.0,0.0,31.0,35,35
4.0,23.0,0.0,32.0,36,36
4.0,23.0,0.0,33.0,17,17
4.0,23.0,0.0,34.0,25,25
4.0,23.0,0.0,35.0,19,19
4.0,23.0,0.0,36.0,14,14
4.0,23.0,0.0,37.0,15,15
4.0,23.0,0.0,38.0,16,16
4.0,23.0,0.0,39.0,20,20
4.0,23.0,0.0,40.0,12,12
4.0,23.0,0.0,41.0,21,21
4.0,23.0,0.0,42.0,11,11
4.0,23.0,0.0,43.0,10,10
4.0,23.0,0.0,44.0,5,5
4.0,23.0,1.0,14.0,3,3
4.0,23.0,1.0,15.0,14,14
4.0,23.0,1.0,16.0,13,13
4.0,23.0,1.0,17.0,28,28
4.0,23.0,1.0,18.0,36,36
4.0,23.0,1.0,19.0,48,48
4.0,23.0,1.0,20.0,62,62
4.0,23.0,1.0,21.0,70,70
4.0,23.0,1.0,22.0,76,76
4.0,23.0,1.0,23.0,75,75
4.0,23.0,1.0,24.0,56,56
4.0,23.0,1.0,25.0,43,43
4.0,23.0,1.0,26.0,61,61
4.0,23.0,1.0,27.0,52,52
4.0,23.0,1.0,28.0,49,49
4.0,23.0,1.0,29.0,47,47
4.0,23.0,1.0,30.0,37,37
4.0,23.0,1.0,31.0,37,37
4.0,23.0,1.0,32.0,29,29
4.0,23.0,1.0,33.0,22,22
4.0,23.0,1.0,34.0,30,30
4.0,23.0,1.0,35.0,15,15
4.0,23.0,1.0,36.0,12,12
4.0,23.0,1.0,37.0,14,14
4.0,23.0,1.0,38.0,6,6
4.0,23.0,1.0,39.0,6,6
4.0,23.0,1.0,40.0,11,11
4.0,23.0,1.0,41.0,5,5
4.0,23.0,1.0,42.0,4,4
4.0,23.0,1.0,43.0,3,3
4.0,23.0,1.0,44.0,1,1
5.0,18.0,0.0,-9.0,1,1
5.0,18.0,0.0,-7.0,2,2
5.0,18.0,0.0,-6.0,2,2
5.0,18.0,0.0,-5.0,1,1
5.0,18.0,0.0,-4.0,4,4
5.0,18.0,0.0,-3.0,12,12
5.0,18.0,0.0,-2.0,7,7
5.0,18.0,0.0,-1.0,11,11
5.0,18.0,0.0,0.0,6,6
5.0,18.0,0.0,1.0,11,11
5.0,18.0,0.0,2.0,12,12
5.0,18.0,0.0,3.0,10,10
5.0,18.0,0.0,4.0,7,7
5.0,18.0,0.0,5.0,9,9
5.0,18.0,0.0,6.0,10,10
5.0,18.0,0.0,7.0,9,9
5.0,18.0,0.0,8.0,11,11
5.0,18.0,0.0,9.0,9,9
5.0,18.0,0.0,10.0,20,20
5.0,18.0,0.0,11.0,20,20
5.0,18.0,0.0,12.0,17,17
5.0,18.0,0.0,13.0,29,29
5.0,18.0,0.0,14.0,21,21
5.0,18.0,0.0,15.0,24,24
5.0,18.0,0.0,16.0,21,21
5.0,18.0,0.0,17.0,16,16
5.0,18.0,0.0,18.0,22,22
5.0,18.0,0.0,19.0,36,36
5.0,18.0,0.0,20.0,21,21
5.0,18.0,0.0,21.0,19,19
5.0,18.0,0.0,22.0,10,10
5.0,18.0,0.0,23.0,10,10
5.0,18.0,0.0,24.0,8,8
5.0,18.0,0.0,25.0,3,3
5.0,18.0,0.0,26.0,1,1
5.0,18.0,0.0,29.0,1,1
5.0,18.0,0.0,30.0,1,1
5.0,18.0,0.0,32.0,2,2
5.0,18.0,0.0,33.0,1,1
5.0,18.0,0.0,34.0,1,1
5.0,18.0,1.0,7.0,2,2
5.0,18.0,1.0,10.0,3,3
5.0,18.0,1.0,11.0,1,1
5.0,18.0,1.0,12.0,1,1
5.0,18.0,1.0,13.0,2,2
5.0,18.0,1.0,14.0,4,4
5.0,18.0,1.0,15.0,4,4
5.0,18.0,1.0,16.0,3,3
5.0,18.0,1.0,17.0,5,5
5.0,18.0,1.0,18.0,8,8
5.0,18.0,1.0,19.0,8,8
5.0,18.0,1.0,20.0,5,5
5.0,18.0,1.0,21.0,7,7
5.0,18.0,1.0,22.0,3,3
5.0,18.0,1.0,23.0,9,9
5.0,18.0,1.0,24.0,8,8
5.0,18.0,1.0,25.0,7,7
5.0,18.0,1.0,26.0,5,5
5.0,18.0,1.0,27.0,3,3
5.0,18.0,1.0,28.0,3,3
5.0,18.0,1.0,29.0,5,5
5.0,18.0,1.0,30.0,1,1
5.0,18.0,1.0,31.0,5,5
5.0,18.0,1.0,34.0,2,2
5.0,19.0,0.0,-6.0,2,2
5.0,19.0,0.0,-5.0,2,2
5.0,19.0,0.0,-4.0,6,6
5.0,19.0,0.0,-3.0,10,10
5.0,19.0,0.0,-2.0,11,11
5.0,19.0,0.0,-1.0,8,8
5.0,19.0,0.0,0.0,17,17
5.0,19.0,0.0,1.0,21,21
5.0,19.0,0.0,2.0,15,15
5.0,19.0,0.0,3.0,16,16
5.0,19.0,0.0,4.0,18,18
5.0,19.0,0.0,5.0,13,13
5.0,19.0,0.0,6.0,12,12
5.0,19.0,0.0,7.0,21,21
5.0,19.0,0.0,8.0,16,16
5.0,19.0,0.0,9.0,15,15
5.0,19.0,0.0,10.0,12,12
5.0,19.0,0.0,11.0,14,14
5.0,19.0,0.0,12.0,23,23
5.0,19.0,0.0,13.0,23,23
5.0,19.0,0.0,14.0,24,24
5.0,19.0,0.0,15.0,23,23
5.0,19.0,0.0,16.0,29,29
5.0,19.0,0.0,17.0,28,28
5.0,19.0,0.0,18.0,32,32
5.0,19.0,0.0,19.0,33,33
5.0,19.0,0.0,20.0,30,30
5.0,19.0,0.0,21.0,23,23
5.0,19.0,0.0,22.0,19,19
5.0,19.0,0.0,23.0,21,21
5.0,19.0,0.0,24.0,13,13
5.0,19.0,0.0,25.0,6,6
5.0,19.0,0.0,26.0,3,3
5.0,19.0,0.0,27.0,2,2
5.0,19.0,0.0,28.0,2,2
5.0,19.0,0.0,29.0,1,1
5.0,19.0,0.0,30.0,1,1
5.0,19.0,0.0,31.0,1,1
5.0,19.0,0.0,34.0,1,1
5.0,19.0,0.0,35.0,1,1
5.0,19.0,0.0,36.0,1,1
5.0,19.0,0.0,40.0,1,1
5.0,19.0,0.0,41.0,1,1
5.0,19.0,1.0,6.0,1,1
5.0,19.0,1.0,8.0,3,3
5.0,19.0,1.0,9.0,3,3
5.0,19.0,1.0,10.0,1,1
5.0,19.0,1.0,11.0,1,1
5.0,19.0,1.0,12.0,2,2
5.0,19.0,1.0,13.0,7,7
5.0,19.0,1.0,14.0,2,2
5.0,19.0,1.0,15.0,6,6
5.0,19.0,1.0,16.0,5,5
5.0,19.0,1.0,17.0,4,4
5.0,19.0,1.0,18.0,1,1
5.0,19.0,1.0,19.0,5,5
5.0,19.0,1.0,20.0,9,9
5.0,19.0,1.0,21.0,10,10
5.0,19.0,1.0,22.0,11,11
5.0,19.0,1.0,23.0,11,11
5.0,19.0,1.0,24.0,8,8
5.0,19.0,1.0,25.0,10,10
5.0,19.0,1.0,26.0,8,8
5.0,19.0,1.0,27.0,9,9
5.0,19.0,1.0,28.0,5,5
5.0,19.0,1.0,29.0,3,3
5.0,19.0,1.0,30.0,5,5
5.0,19.0,1.0,31.0,4,4
5.0,19.0,1.0,32.0,4,4
5.0,19.0,1.0,33.0,2,2
5.0,19.0,1.0,34.0,1,1
5.0,19.0,1.0,39.0,1,1
5.0,20.0,0.0,-5.0,1,1
5.0,20.0,0.0,-3.0,1,1
5.0,20.0,0.0,-2.0,3,3
5.0,20.0,0.0,-1.0,3,3
5.0,20.0,0.0,0.0,15,15
5.0,20.0,0.0,1.0,13,13
5.0,20.0,0.0,2.0,21,21
5.0,20.0,0.0,3.0,25,25
5.0,20.0,0.0,4.0,23,23
5.0,20.0,0.0,5.0,23,23
5.0,20.0,0.0,6.0,26,26
5.0,20.0,0.0,7.0,26,26
5.0,20.0,0.0,8.0,20,20
5.0,20.0,0.0,9.0,24,24
5.0,20.0,0.0,10.0,20,20
5.0,20.0,0.0,11.0,15,15
5.0,20.0,0.0,12.0,26,26
5.0,20.0,0.0,13.0,21,21
5.0,20.0,0.0,14.0,30,30
5.0,20.0,0.0,15.0,20,20
5.0,20.0,0.0,16.0,28,28
5.0,20.0,0.0,17.0,39,39
5.0,20.0,0.0,18.0,33,33
5.0,20.0,0.0,19.0,30,30
5.0,20.0,0.0,20.0,30,30
5.0,20.0,0.0,21.0,32,32
5.0,20.0,0.0,22.0,36,36
5.0,20.0,0.0,23.0,30,30
5.0,20.0,0.0,24.0,30,30
5.0,20.0,0.0,25.0,29,29
5.0,20.0,0.0,26.0,31,31
5.0,20.0,0.0,27.0,17,17
5.0,20.0,0.0,28.0,14,14
5.0,20.0,0.0,29.0,8,8
5.0,20.0,0.0,30.0,3,3
5.0,20.0,0.0,31.0,11,11
5.0,20.0,0.0,32.0,5,5
5.0,20.0,0.0,33.0,1,1
5.0,20.0,0.0,34.0,3,3
5.0,20.0,0.0,35.0,2,2
5.0,20.0,0.0,36.0,1,1
5.0,20.0,1.0,8.0,1,1
5.0,20.0,1.0,10.0,2,2
5.0,20.0,1.0,11.0,2,2
5.0,20.0,1.0,12.0,5,5
5.0,20.0,1.0,13.0,4,4
5.0,20.0,1.0,14.0,3,3
5.0,20.0,1.0,15.0,3,3
5.0,20.0,1.0,16.0,2,2
5.0,20.0,1.0,17.0,2,2
5.0,20.0,1.0,18.0,4,4
5.0,20.0,1.0,19.0,7,7
5.0,20.0,1.0,20.0,10,10
5.0,20.0,1.0,21.0,6,6
5.0,20.0,1.0,22.0,7,7
5.0,20.0,1.0,23.0,10,10
5.0,20.0,1.0,24.0,12,12
5.0,20.0,1.0,25.0,10,10
5.0,20.0,1.0,26.0,8,8
5.0,20.0,1.0,27.0,10,10
5.0,20.0,1.0,28.0,9,9
5.0,20.0,1.0,29.0,6,6
5.0,20.0,1.0,30.0,7,7
5.0,20.0,1.0,31.0,5,5
5.0,20.0,1.0,32.0,6,6
5.0,20.0,1.0,33.0,3,3
5.0,20.0,1.0,34.0,1,1
5.0,20.0,1.0,35.0,1,1
5.0,20.0,1.0,38.0,2,2
5.0,20.0,1.0,39.0,1,1
5.0,21.0,0.0,-5.0,1,1
5.0,21.0,0.0,-1.0,2,2
5.0,21.0,0.0,0.0,3,3
5.0,21.0,0.0,1.0,6,6
5.0,21.0,0.0,2.0,4,4
5.0,21.0,0.0,3.0,12,12
5.0,21.0,0.0,4.0,31,31
5.0,21.0,0.0,5.0,29,29
5.0,21.0,0.0,6.0,43,43
5.0,21.0,0.0,7.0,41,41
5.0,21.0,0.0,8.0,50,50
5.0,21.0,0.0,9.0,42,42
5.0,21.0,0.0,10.0,27,27
5.0,21.0,0.0,11.0,33,33
5.0,21.0,0.0,12.0,30,30
5.0,21.0,0.0,13.0,44,44
5.0,21.0,0.0,14.0,44,44
5.0,21.0,0.0,15.0,32,32
5.0,21.0,0.0,16.0,27,27
5.0,21.0,0.0,17.0,37,37
5.0,21.0,0.0,18.0,41,41
5.0,21.0,0.0,19.0,41,41
5.0,21.0,0.0,20.0,37,37
5.0,21.0,0.0,21.0,54,54
5.0,21.0,0.0,22.0,63,63
5.0,21.0,0.0,23.0,70,70
5.0,21.0,0.0,24.0,63,63
5.0,21.0,0.0,25.0,83,83
5.0,21.0,0.0,26.0,80,80
5.0,21.0,0.0,27.0,82,82
5.0,21.0,0.0,28.0,70,70
5.0,21.0,0.0,29.0,74,74
5.0,21.0,0.0,30.0,52,52
5.0,21.0,0.0,31.0,48,48
5.0,21.0,0.0,32.0,17,17
5.0,21.0,0.0,33.0,17,17
5.0,21.0,0.0,34.0,12,12
5.0,21.0,0.0,35.0,9,9
5.0,21.0,0.0,36.0,3,3
5.0,21.0,0.0,37.0,4,4
5.0,21.0,0.0,38.0,1,1
5.0,21.0,0.0,39.0,1,1
5.0,21.0,0.0,40.0,1,1
5.0,21.0,0.0,41.0,1,1
5.0,21.0,0.0,42.0,1,1
5.0,21.0,1.0,11.0,3,3
5.0,21.0,1.0,12.0,1,1
5.0,21.0,1.0,13.0,2,2
5.0,21.0,1.0,14.0,5,5
5.0,21.0,1.0,15.0,5,5
5.0,21.0,1.0,16.0,6,6
5.0,21.0,1.0,17.0,6,6
5.0,21.0,1.0,18.0,3,3
5.0,21.0,1.0,19.0,15,15
5.0,21.0,1.0,20.0,11,11
5.0,21.0,1.0,21.0,10,10
5.0,21.0,1.0,22.0,11,11
5.0,21.0,1.0,23.0,18,18
5.0,21.0,1.0,24.0,18,18
5.0,21.0,1.0,25.0,18,18
5.0,21.0,1.0,26.0,16,16
5.0,21.0,1.0,27.0,20,20
5.0,21.0,1.0,28.0,21,21
5.0,21.0,1.0,29.0,28,28
5.0,21.0,1.0,30.0,23,23
5.0,21.0,1.0,31.0,24,24
5.0,21.0,1.0,32.0,24,24
5.0,21.0,1.0,33.0,23,23
5.0,21.0,1.0,34.0,10,10
5.0,21.0,1.0,35.0,7,7
5.0,21.0,1.0,36.0,3,3
5.0,21.0,1.0,37.0,1,1
5.0,21.0,1.0,38.0,1,1
5.0,21.0,1.0,39.0,1,1
5.0,21.0,1.0,40.0,2,2
5.0,21.0,1.0,41.0,1,1
5.0,21.0,1.0,43.0,2,2
5.0,22.0,0.0,2.0,1,1
5.0,22.0,0.0,4.0,6,6
5.0,22.0,0.0,5.0,11,11
5.0,22.0,0.0,6.0,22,22
5.0,22.0,0.0,7.0,23,23
5.0,22.0,0.0,8.0,46,46
5.0,22.0,0.0,9.0,58,58
5.0,22.0,0.0,10.0,69,69
5.0,22.0,0.0,11.0,77,77
5.0,22.0,0.0,12.0,69,69
5.0,22.0,0.0,13.0,93,93
5.0,22.0,0.0,14.0,74,74
5.0,22.0,0.0,15.0,82,82
5.0,22.0,0.0,16.0,62,62
5.0,22.0,0.0,17.0,68,68
5.0,22.0,0.0,18.0,61,61
5.0,22.0,0.0,19.0,80,80
5.0,22.0,0.0,20.0,81,81
5.0,22.0,0.0,21.0,70,70
5.0,22.0,0.0,22.0,88,88
5.0,22.0,0.0,23.0,93,93
5.0,22.0,0.0,24.0,115,115
5.0,22.0,0.0,25.0,113,113
5.0,22.0,0.0,26.0,120,120
5.0,22.0,0.0,27.0,166,166
5.0,22.0,0.0,28.0,160,160
5.0,22.0,0.0,29.0,187,187
5.0,22.0,0.0,30.0,211,211
5.0,22.0,0.0,31.0,160,160
5.0,22.0,0.0,32.0,134,134
5.0,22.0,0.0,33.0,104,104
5.0,22.0,0.0,34.0,83,83
5.0,22.0,0.0,35.0,48,48
5.0,22.0,0.0,36.0,29,29
5.0,22.0,0.0,37.0,25,25
5.0,22.0,0.0,38.0,12,12
5.0,22.0,0.0,39.0,11,11
5.0,22.0,0.0,40.0,8,8
5.0,22.0,0.0,41.0,5,5
5.0,22.0,0.0,42.0,3,3
5.0,22.0,0.0,43.0,2,2
5.0,22.0,0.0,44.0,1,1
5.0,22.0,1.0,15.0,4,4
5.0,22.0,1.0,16.0,2,2
5.0,22.0,1.0,17.0,9,9
5.0,22.0,1.0,18.0,6,6
5.0,22.0,1.0,19.0,11,11
5.0,22.0,1.0,20.0,15,15
5.0,22.0,1.0,21.0,9,9
5.0,22.0,1.0,22.0,21,21
5.0,22.0,1.0,23.0,25,25
5.0,22.0,1.0,24.0,25,25
5.0,22.0,1.0,25.0,22,22
5.0,22.0,1.0,26.0,29,29
5.0,22.0,1.0,27.0,27,27
5.0,22.0,1.0,28.0,45,45
5.0,22.0,1.0,29.0,47,47
5.0,22.0,1.0,30.0,60,60
5.0,22.0,1.0,31.0,56,56
5.0,22.0,1.0,32.0,58,58
5.0,22.0,1.0,33.0,53,53
5.0,22.0,1.0,34.0,50,50
5.0,22.0,1.0,35.0,46,46
5.0,22.0,1.0,36.0,30,30
5.0,22.0,1.0,37.0,18,18
5.0,22.0,1.0,38.0,11,11
5.0,22.0,1.0,39.0,9,9
5.0,22.0,1.0,40.0,7,7
5.0,22.0,1.0,41.0,8,8
5.0,22.0,1.0,42.0,4,4
5.0,22.0,1.0,43.0,4,4
5.0,22.0,1.0,44.0,1,1
5.0,23.0,0.0,5.0,1,1
5.0,23.0,0.0,6.0,1,1
5.0,23.0,0.0,7.0,6,6
5.0,23.0,0.0,8.0,11,11
5.0,23.0,0.0,9.0,12,12
5.0,23.0,0.0,10.0,20,20
5.0,23.0,0.0,11.0,39,39
5.0,23.0,0.0,12.0,58,58
5.0,23.0,0.0,13.0,71,71
5.0,23.0,0.0,14.0,85,85
5.0,23.0,0.0,15.0,90,90
5.0,23.0,0.0,16.0,116,116
5.0,23.0,0.0,17.0,117,117
5.0,23.0,0.0,18.0,126,126
5.0,23.0,0.0,19.0,129,129
5.0,23.0,0.0,20.0,130,130
5.0,23.0,0.0,21.0,124,124
5.0,23.0,0.0,22.0,174,174
5.0,23.0,0.0,23.0,155,155
5.0,23.0,0.0,24.0,188,188
5.0,23.0,0.0,25.0,182,182
5.0,23.0,0.0,26.0,208,208
5.0,23.0,0.0,27.0,235,235
5.0,23.0,0.0,28.0,232,232
5.0,23.0,0.0,29.0,249,249
5.0,23.0,0.0,30.0,277,277
5.0,23.0,0.0,31.0,272,272
5.0,23.0,0.0,32.0,276,276
5.0,23.0,0.0,33.0,261,261
5.0,23.0,0.0,34.0,235,235
5.0,23.0,0.0,35.0,192,192
5.0,23.0,0.0,36.0,145,145
5.0,23.0,0.0,37.0,122,122
5.0,23.0,0.0,38.0,96,96
5.0,23.0,0.0,39.0,43,43
5.0,23.0,0.0,40.0,46,46
5.0,23.0,0.0,41.0,36,36
5.0,23.0,0.0,42.0,19,19
5.0,23.0,0.0,43.0,12,12
5.0,23.0,0.0,44.0,4,4
5.0,23.0,0.0,45.0,1,1
5.0,23.0,1.0,15.0,1,1
5.0,23.0,1.0,17.0,3,3
5.0,23.0,1.0,18.0,6,6
5.0,23.0,1.0,19.0,4,4
5.0,23.0,1.0,20.0,9,9
5.0,23.0,1.0,21.0,12,12
5.0,23.0,1.0,22.0,8,8
5.0,23.0,1.0,23.0,14,14
5.0,23.0,1.0,24.0,23,23
5.0,23.0,1.0,25.0,28,28
5.0,23.0,1.0,26.0,40,40
5.0,23.0,1.0,27.0,46,46
5.0,23.0,1.0,28.0,57,57
5.0,23.0,1.0,29.0,75,75
5.0,23.0,1.0,30.0,100,100
5.0,23.0,1.0,31.0,108,108
5.0,23.0,1.0,32.0,125,125
5.0,23.0,1.0,33.0,118,118
5.0,23.0,1.0,34.0,133,133
5.0,23.0,1.0,35.0,156,156
5.0,23.0,1.0,36.0,141,141
5.0,23.0,1.0,37.0,132,132
5.0,23.0,1.0,38.0,127,127
5.0,23.0,1.0,39.0,88,88
5.0,23.0,1.0,40.0,60,60
5.0,23.0,1.0,41.0,56,56
5.0,23.0,1.0,42.0,23,23
5.0,23.0,1.0,43.0,15,15
5.0,23.0,1.0,44.0,3,3
5.0,23.0,1.0,45.0,2,2
6.0,18.0,0.0,-4.0,1,1
6.0,18.0,0.0,2.0,1,1
6.0,18.0,0.0,3.0,1,1
6.0,18.0,0.0,5.0,1,1
6.0,18.0,0.0,7.0,1,1
6.0,18.0,0.0,8.0,1,1
6.0,18.0,0.0,9.0,4,3
6.0,18.0,0.0,11.0,2,2
6.0,18.0,0.0,12.0,5,5
6.0,18.0,0.0,13.0,1,1
6.0,18.0,0.0,14.0,2,1
6.0,18.0,0.0,15.0,6,4
6.0,18.0,0.0,16.0,3,2
6.0,18.0,0.0,17.0,2,1
6.0,18.0,0.0,18.0,2,1
6.0,18.0,0.0,19.0,3,2
6.0,18.0,0.0,20.0,5,3
6.0,18.0,0.0,21.0,1,0
6.0,18.0,0.0,22.0,1,0
6.0,18.0,0.0,24.0,1,1
6.0,18.0,0.0,27.0,1,1
6.0,18.0,0.0,28.0,2,1
6.0,18.0,1.0,14.0,1,1
6.0,18.0,1.0,16.0,1,1
6.0,18.0,1.0,21.0,2,2
6.0,18.0,1.0,22.0,2,2
6.0,18.0,1.0,23.0,1,1
6.0,18.0,1.0,26.0,1,1
6.0,18.0,1.0,28.0,1,1
6.0,18.0,1.0,30.0,1,1
6.0,19.0,0.0,4.0,2,2
6.0,19.0,0.0,9.0,3,3
6.0,19.0,0.0,10.0,2,2
6.0,19.0,0.0,11.0,1,1
6.0,19.0,0.0,12.0,4,4
6.0,19.0,0.0,13.0,4,3
6.0,19.0,0.0,14.0,4,4
6.0,19.0,0.0,15.0,4,2
6.0,19.0,0.0,16.0,7,6
6.0,19.0,0.0,17.0,6,3
6.0,19.0,0.0,18.0,1,0
6.0,19.0,0.0,19.0,7,4
6.0,19.0,0.0,20.0,9,6
6.0,19.0,0.0,21.0,8,3
6.0,19.0,0.0,22.0,9,5
6.0,19.0,0.0,23.0,5,2
6.0,19.0,0.0,24.0,5,1
6.0,19.0,0.0,25.0,5,2
6.0,19.0,0.0,26.0,2,1
6.0,19.0,0.0,28.0,2,0
6.0,19.0,0.0,30.0,1,0
6.0,19.0,0.0,31.0,1,1
6.0,19.0,0.0,34.0,1,0
6.0,19.0,1.0,22.0,1,1
6.0,19.0,1.0,24.0,1,1
6.0,19.0,1.0,25.0,1,1
6.0,19.0,1.0,26.0,1,1
6.0,19.0,1.0,27.0,1,1
6.0,19.0,1.0,28.0,1,1
6.0,19.0,1.0,32.0,1,1
6.0,20.0,0.0,8.0,2,2
6.0,20.0,0.0,9.0,1,1
6.0,20.0,0.0,10.0,1,1
6.0,20.0,0.0,12.0,3,3
6.0,20.0,0.0,13.0,4,4
6.0,20.0,0.0,15.0,2,2
6.0,20.0,0.0,16.0,6,6
6.0,20.0,0.0,17.0,5,4
6.0,20.0,0.0,18.0,11,10
6.0,20.0,0.0,19.0,7,3
6.0,20.0,0.0,20.0,9,6
6.0,20.0,0.0,21.0,13,9
6.0,20.0,0.0,22.0,15,12
6.0,20.0,0.0,23.0,11,4
6.0,20.0,0.0,24.0,15,9
6.0,20.0,0.0,25.0,15,7
6.0,20.0,0.0,26.0,16,10
6.0,20.0,0.0,27.0,6,4
6.0,20.0,0.0,28.0,9,6
6.0,20.0,0.0,29.0,5,4
6.0,20.0,0.0,30.0,3,1
6.0,20.0,0.0,31.0,1,1
6.0,20.0,0.0,32.0,1,1
6.0,20.0,0.0,33.0,1,1
6.0,20.0,1.0,22.0,1,1
6.0,20.0,1.0,23.0,1,1
6.0,20.0,1.0,24.0,1,1
6.0,20.0,1.0,25.0,1,1
6.0,20.0,1.0,26.0,2,2
6.0,20.0,1.0,27.0,2,2
6.0,20.0,1.0,28.0,2,2
6.0,20.0,1.0,29.0,2,2
6.0,20.0,1.0,30.0,3,3
6.0,20.0,1.0,32.0,1,1
6.0,20.0,1.0,34.0,1,1
6.0,20.0,1.0,37.0,1,1
6.0,20.0,1.0,39.0,1,1
6.0,20.0,1.0,40.0,1,1
6.0,21.0,0.0,11.0,1,1
6.0,21.0,0.0,13.0,1,1
6.0,21.0,0.0,14.0,1,0
6.0,21.0,0.0,15.0,1,1
6.0,21.0,0.0,16.0,2,2
6.0,21.0,0.0,17.0,1,1
6.0,21.0,0.0,18.0,6,5
6.0,21.0,0.0,19.0,2,1
6.0,21.0,0.0,20.0,5,5
6.0,21.0,0.0,21.0,12,8
6.0,21.0,0.0,22.0,16,12
6.0,21.0,0.0,23.0,20,18
6.0,21.0,0.0,24.0,18,15
6.0,21.0,0.0,25.0,24,15
6.0,21.0,0.0,26.0,31,24
6.0,21.0,0.0,27.0,43,28
6.0,21.0,0.0,28.0,26,17
6.0,21.0,0.0,29.0,22,14
6.0,21.0,0.0,30.0,28,22
6.0,21.0,0.0,31.0,13,10
6.0,21.0,0.0,32.0,13,9
6.0,21.0,0.0,33.0,15,8
6.0,21.0,0.0,34.0,2,1
6.0,21.0,0.0,35.0,1,1
6.0,21.0,0.0,36.0,1,0
6.0,21.0,0.0,39.0,1,1
6.0,21.0,1.0,21.0,1,1
6.0,21.0,1.0,24.0,3,3
6.0,21.0,1.0,25.0,4,4
6.0,21.0,1.0,26.0,3,3
6.0,21.0,1.0,27.0,4,4
6.0,21.0,1.0,28.0,4,4
6.0,21.0,1.0,29.0,4,4
6.0,21.0,1.0,30.0,7,7
6.0,21.0,1.0,31.0,7,7
6.0,21.0,1.0,32.0,5,5
6.0,21.0,1.0,33.0,3,3
6.0,21.0,1.0,34.0,3,3
6.0,21.0,1.0,35.0,2,2
6.0,21.0,1.0,36.0,1,1
6.0,21.0,1.0,38.0,1,1
6.0,22.0,0.0,10.0,1,1
6.0,22.0,0.0,18.0,1,1
6.0,22.0,0.0,19.0,3,2
6.0,22.0,0.0,20.0,1,1
6.0,22.0,0.0,21.0,7,7
6.0,22.0,0.0,22.0,4,4
6.0,22.0,0.0,23.0,9,8
6.0,22.0,0.0,24.0,10,10
6.0,22.0,0.0,25.0,10,6
6.0,22.0,0.0,26.0,17,12
6.0,22.0,0.0,27.0,28,19
6.0,22.0,0.0,28.0,25,20
6.0,22.0,0.0,29.0,42,28
6.0,22.0,0.0,30.0,43,26
6.0,22.0,0.0,31.0,39,30
6.0,22.0,0.0,32.0,51,38
6.0,22.0,0.0,33.0,43,32
6.0,22.0,0.0,34.0,28,21
6.0,22.0,0.0,35.0,38,30
6.0,22.0,0.0,36.0,29,24
6.0,22.0,0.0,37.0,21,14
6.0,22.0,0.0,38.0,6,3
6.0,22.0,0.0,39.0,4,2
6.0,22.0,0.0,40.0,2,1
6.0,22.0,0.0,41.0,1,1
6.0,22.0,0.0,42.0,1,1
6.0,22.0,1.0,25.0,1,1
6.0,22.0,1.0,26.0,4,4
6.0,22.0,1.0,27.0,7,7
6.0,22.0,1.0,28.0,17,17
6.0,22.0,1.0,29.0,13,13
6.0,22.0,1.0,30.0,20,20
6.0,22.0,1.0,31.0,39,39
6.0,22.0,1.0,32.0,34,34
6.0,22.0,1.0,33.0,19,19
6.0,22.0,1.0,34.0,28,28
6.0,22.0,1.0,35.0,35,35
6.0,22.0,1.0,36.0,28,28
6.0,22.0,1.0,37.0,22,22
6.0,22.0,1.0,38.0,17,17
6.0,22.0,1.0,39.0,8,8
6.0,22.0,1.0,40.0,9,9
6.0,22.0,1.0,41.0,6,6
6.0,22.0,1.0,42.0,3,3
6.0,22.0,1.0,43.0,2,2
6.0,22.0,1.0,44.0,1,1
6.0,23.0,0.0,23.0,3,3
6.0,23.0,0.0,25.0,4,4
6.0,23.0,0.0,26.0,2,2
6.0,23.0,0.0,27.0,13,9
6.0,23.0,0.0,28.0,8,5
6.0,23.0,0.0,29.0,17,10
6.0,23.0,0.0,30.0,23,16
6.0,23.0,0.0,31.0,26,14
6.0,23.0,0.0,32.0,43,33
6.0,23.0,0.0,33.0,40,26
6.0,23.0,0.0,34.0,49,32
6.0,23.0,0.0,35.0,43,32
6.0,23.0,0.0,36.0,64,51
6.0,23.0,0.0,37.0,55,51
6.0,23.0,0.0,38.0,44,37
6.0,23.0,0.0,39.0,39,37
6.0,23.0,0.0,40.0,34,28
6.0,23.0,0.0,41.0,17,14
6.0,23.0,0.0,42.0,4,2
6.0,23.0,0.0,45.0,1,1
6.0,23.0,1.0,24.0,1,1
6.0,23.0,1.0,26.0,1,1
6.0,23.0,1.0,27.0,2,2
6.0,23.0,1.0,28.0,2,2
6.0,23.0,1.0,29.0,10,10
6.0,23.0,1.0,30.0,20,20
6.0,23.0,1.0,31.0,35,35
6.0,23.0,1.0,32.0,45,45
6.0,23.0,1.0,33.0,55,55
6.0,23.0,1.0,34.0,66,66
6.0,23.0,1.0,35.0,82,82
6.0,23.0,1.0,36.0,92,92
6.0,23.0,1.0,37.0,86,86
6.0,23.0,1.0,38.0,73,73
6.0,23.0,1.0,39.0,74,74
6.0,23.0,1.0,40.0,82,82
6.0,23.0,1.0,41.0,52,52
6.0,23.0,1.0,42.0,31,31
6.0,23.0,1.0,43.0,22,22
6.0,23.0,1.0,44.0,5,5
6.0,23.0,1.0,45.0,3,3
6.0,23.0,1.0,46.0,1,1
