tcls,mbin,vcat,sbin,n
0.0,5.0,4.0,-7.0,2
0.0,5.0,4.0,-5.0,1
0.0,5.0,4.0,-4.0,1
0.0,5.0,4.0,-3.0,2
0.0,5.0,4.0,-2.0,5
0.0,5.0,4.0,-1.0,4
0.0,5.0,4.0,0.0,5
0.0,5.0,4.0,1.0,5
0.0,5.0,4.0,2.0,4
0.0,5.0,4.0,3.0,4
0.0,5.0,4.0,4.0,4
0.0,5.0,4.0,6.0,1
0.0,5.0,4.0,19.0,1
0.0,6.0,4.0,-15.0,1
0.0,6.0,4.0,-11.0,2
0.0,6.0,4.0,-10.0,1
0.0,6.0,4.0,-9.0,5
0.0,6.0,4.0,-8.0,1
0.0,6.0,4.0,-6.0,1
0.0,6.0,4.0,-5.0,5
0.0,6.0,4.0,-4.0,3
0.0,6.0,4.0,-3.0,6
0.0,6.0,4.0,-2.0,10
0.0,6.0,4.0,-1.0,12
0.0,6.0,4.0,0.0,10
0.0,6.0,4.0,1.0,23
0.0,6.0,4.0,2.0,11
0.0,6.0,4.0,3.0,4
0.0,6.0,4.0,4.0,6
0.0,6.0,4.0,5.0,2
0.0,6.0,4.0,8.0,1
0.0,7.0,4.0,-14.0,1
0.0,7.0,4.0,-13.0,1
0.0,7.0,4.0,-12.0,2
0.0,7.0,4.0,-11.0,2
0.0,7.0,4.0,-10.0,4
0.0,7.0,4.0,-9.0,4
0.0,7.0,4.0,-8.0,1
0.0,7.0,4.0,-7.0,12
0.0,7.0,4.0,-6.0,13
0.0,7.0,4.0,-5.0,17
0.0,7.0,4.0,-4.0,23
0.0,7.0,4.0,-3.0,29
0.0,7.0,4.0,-2.0,49
0.0,7.0,4.0,-1.0,49
0.0,7.0,4.0,0.0,45
0.0,7.0,4.0,1.0,51
0.0,7.0,4.0,2.0,40
0.0,7.0,4.0,3.0,31
0.0,7.0,4.0,4.0,22
0.0,7.0,4.0,5.0,15
0.0,7.0,4.0,6.0,1
0.0,7.0,4.0,7.0,1
0.0,7.0,4.0,13.0,1
0.0,8.0,4.0,-14.0,1
0.0,8.0,4.0,-11.0,2
0.0,8.0,4.0,-10.0,4
0.0,8.0,4.0,-9.0,7
0.0,8.0,4.0,-8.0,12
0.0,8.0,4.0,-7.0,13
0.0,8.0,4.0,-6.0,18
0.0,8.0,4.0,-5.0,35
0.0,8.0,4.0,-4.0,39
0.0,8.0,4.0,-3.0,52
0.0,8.0,4.0,-2.0,69
0.0,8.0,4.0,-1.0,89
0.0,8.0,4.0,0.0,108
0.0,8.0,4.0,1.0,116
0.0,8.0,4.0,2.0,104
0.0,8.0,4.0,3.0,84
0.0,8.0,4.0,4.0,34
0.0,8.0,4.0,5.0,18
0.0,8.0,4.0,6.0,16
0.0,8.0,4.0,7.0,4
0.0,8.0,4.0,8.0,3
0.0,8.0,4.0,10.0,1
0.0,8.0,4.0,11.0,1
1.0,5.0,0.0,-17.0,1
1.0,5.0,0.0,-16.0,3
1.0,5.0,0.0,-15.0,3
1.0,5.0,0.0,-14.0,3
1.0,5.0,0.0,-13.0,5
1.0,5.0,0.0,-12.0,6
1.0,5.0,0.0,-11.0,3
1.0,5.0,0.0,-10.0,2
1.0,5.0,0.0,-9.0,3
1.0,5.0,0.0,-8.0,3
1.0,5.0,0.0,-7.0,2
1.0,5.0,0.0,-6.0,3
1.0,5.0,0.0,-5.0,6
1.0,5.0,0.0,-4.0,7
1.0,5.0,0.0,-3.0,8
1.0,5.0,0.0,-2.0,7
1.0,5.0,0.0,-1.0,6
1.0,5.0,0.0,0.0,7
1.0,5.0,0.0,1.0,10
1.0,5.0,0.0,2.0,7
1.0,5.0,0.0,3.0,5
1.0,5.0,0.0,4.0,5
1.0,5.0,0.0,5.0,4
1.0,5.0,0.0,6.0,1
1.0,5.0,0.0,7.0,2
1.0,5.0,0.0,11.0,1
1.0,5.0,1.0,-6.0,1
1.0,5.0,1.0,-5.0,3
1.0,5.0,1.0,-4.0,2
1.0,5.0,1.0,-3.0,4
1.0,5.0,1.0,-2.0,7
1.0,5.0,1.0,-1.0,4
1.0,5.0,1.0,0.0,1
1.0,5.0,1.0,1.0,5
1.0,5.0,1.0,2.0,6
1.0,5.0,1.0,3.0,8
1.0,5.0,1.0,4.0,1
1.0,5.0,1.0,5.0,2
1.0,5.0,1.0,6.0,1
1.0,5.0,4.0,-21.0,1
1.0,5.0,4.0,-12.0,2
1.0,5.0,4.0,-11.0,2
1.0,5.0,4.0,-10.0,1
1.0,5.0,4.0,-9.0,4
1.0,5.0,4.0,-8.0,2
1.0,5.0,4.0,-7.0,8
1.0,5.0,4.0,-6.0,2
1.0,5.0,4.0,-5.0,2
1.0,5.0,4.0,-4.0,7
1.0,5.0,4.0,-3.0,2
1.0,5.0,4.0,-2.0,4
1.0,5.0,4.0,-1.0,5
1.0,5.0,4.0,0.0,3
1.0,5.0,4.0,1.0,6
1.0,5.0,4.0,2.0,4
1.0,5.0,4.0,3.0,3
1.0,5.0,4.0,4.0,2
1.0,5.0,4.0,5.0,1
1.0,5.0,4.0,6.0,3
1.0,6.0,0.0,-18.0,1
1.0,6.0,0.0,-17.0,3
1.0,6.0,0.0,-16.0,4
1.0,6.0,0.0,-15.0,4
1.0,6.0,0.0,-14.0,9
1.0,6.0,0.0,-13.0,12
1.0,6.0,0.0,-12.0,5
1.0,6.0,0.0,-11.0,7
1.0,6.0,0.0,-10.0,7
1.0,6.0,0.0,-9.0,9
1.0,6.0,0.0,-8.0,8
1.0,6.0,0.0,-7.0,5
1.0,6.0,0.0,-6.0,8
1.0,6.0,0.0,-5.0,13
1.0,6.0,0.0,-4.0,8
1.0,6.0,0.0,-3.0,12
1.0,6.0,0.0,-2.0,8
1.0,6.0,0.0,-1.0,17
1.0,6.0,0.0,0.0,11
1.0,6.0,0.0,1.0,16
1.0,6.0,0.0,2.0,13
1.0,6.0,0.0,3.0,6
1.0,6.0,0.0,4.0,4
1.0,6.0,0.0,6.0,1
1.0,6.0,0.0,7.0,1
1.0,6.0,1.0,-9.0,1
1.0,6.0,1.0,-6.0,1
1.0,6.0,1.0,-3.0,3
1.0,6.0,1.0,-2.0,8
1.0,6.0,1.0,-1.0,5
1.0,6.0,1.0,0.0,6
1.0,6.0,1.0,1.0,6
1.0,6.0,1.0,2.0,5
1.0,6.0,1.0,3.0,2
1.0,6.0,1.0,4.0,6
1.0,6.0,1.0,5.0,2
1.0,6.0,1.0,6.0,1
1.0,6.0,4.0,-18.0,3
1.0,6.0,4.0,-17.0,1
1.0,6.0,4.0,-16.0,2
1.0,6.0,4.0,-15.0,4
1.0,6.0,4.0,-14.0,3
1.0,6.0,4.0,-13.0,2
1.0,6.0,4.0,-12.0,4
1.0,6.0,4.0,-11.0,4
1.0,6.0,4.0,-10.0,6
1.0,6.0,4.0,-9.0,5
1.0,6.0,4.0,-8.0,3
1.0,6.0,4.0,-7.0,2
1.0,6.0,4.0,-6.0,12
1.0,6.0,4.0,-5.0,7
1.0,6.0,4.0,-4.0,10
1.0,6.0,4.0,-3.0,4
1.0,6.0,4.0,-2.0,4
1.0,6.0,4.0,-1.0,7
1.0,6.0,4.0,0.0,9
1.0,6.0,4.0,1.0,5
1.0,6.0,4.0,2.0,10
1.0,6.0,4.0,3.0,6
1.0,6.0,4.0,4.0,4
1.0,6.0,4.0,5.0,5
1.0,6.0,4.0,6.0,1
1.0,6.0,4.0,7.0,1
1.0,7.0,0.0,-16.0,1
1.0,7.0,0.0,-15.0,4
1.0,7.0,0.0,-14.0,10
1.0,7.0,0.0,-13.0,18
1.0,7.0,0.0,-12.0,17
1.0,7.0,0.0,-11.0,20
1.0,7.0,0.0,-10.0,17
1.0,7.0,0.0,-9.0,24
1.0,7.0,0.0,-8.0,25
1.0,7.0,0.0,-7.0,24
1.0,7.0,0.0,-6.0,27
1.0,7.0,0.0,-5.0,33
1.0,7.0,0.0,-4.0,29
1.0,7.0,0.0,-3.0,29
1.0,7.0,0.0,-2.0,37
1.0,7.0,0.0,-1.0,40
1.0,7.0,0.0,0.0,53
1.0,7.0,0.0,1.0,40
1.0,7.0,0.0,2.0,33
1.0,7.0,0.0,3.0,17
1.0,7.0,0.0,4.0,9
1.0,7.0,0.0,5.0,3
1.0,7.0,0.0,41.0,1
1.0,7.0,1.0,-11.0,2
1.0,7.0,1.0,-9.0,1
1.0,7.0,1.0,-8.0,1
1.0,7.0,1.0,-6.0,1
1.0,7.0,1.0,-5.0,4
1.0,7.0,1.0,-4.0,4
1.0,7.0,1.0,-3.0,3
1.0,7.0,1.0,-2.0,6
1.0,7.0,1.0,-1.0,9
1.0,7.0,1.0,0.0,9
1.0,7.0,1.0,1.0,8
1.0,7.0,1.0,2.0,10
1.0,7.0,1.0,3.0,3
1.0,7.0,1.0,4.0,2
1.0,7.0,1.0,5.0,3
1.0,7.0,1.0,6.0,1
1.0,7.0,4.0,-18.0,1
1.0,7.0,4.0,-16.0,4
1.0,7.0,4.0,-15.0,5
1.0,7.0,4.0,-14.0,9
1.0,7.0,4.0,-13.0,17
1.0,7.0,4.0,-12.0,25
1.0,7.0,4.0,-11.0,26
1.0,7.0,4.0,-10.0,26
1.0,7.0,4.0,-9.0,29
1.0,7.0,4.0,-8.0,30
1.0,7.0,4.0,-7.0,45
1.0,7.0,4.0,-6.0,47
1.0,7.0,4.0,-5.0,53
1.0,7.0,4.0,-4.0,60
1.0,7.0,4.0,-3.0,79
1.0,7.0,4.0,-2.0,61
1.0,7.0,4.0,-1.0,58
1.0,7.0,4.0,0.0,58
1.0,7.0,4.0,1.0,53
1.0,7.0,4.0,2.0,39
1.0,7.0,4.0,3.0,34
1.0,7.0,4.0,4.0,31
1.0,7.0,4.0,5.0,18
1.0,7.0,4.0,6.0,4
1.0,7.0,4.0,7.0,4
1.0,7.0,4.0,19.0,1
1.0,8.0,0.0,-16.0,3
1.0,8.0,0.0,-15.0,2
1.0,8.0,0.0,-14.0,3
1.0,8.0,0.0,-13.0,9
1.0,8.0,0.0,-12.0,18
1.0,8.0,0.0,-11.0,31
1.0,8.0,0.0,-10.0,59
1.0,8.0,0.0,-9.0,79
1.0,8.0,0.0,-8.0,71
1.0,8.0,0.0,-7.0,98
1.0,8.0,0.0,-6.0,108
1.0,8.0,0.0,-5.0,90
1.0,8.0,0.0,-4.0,108
1.0,8.0,0.0,-3.0,90
1.0,8.0,0.0,-2.0,88
1.0,8.0,0.0,-1.0,105
1.0,8.0,0.0,0.0,106
1.0,8.0,0.0,1.0,94
1.0,8.0,0.0,2.0,69
1.0,8.0,0.0,3.0,37
1.0,8.0,0.0,4.0,17
1.0,8.0,0.0,5.0,5
1.0,8.0,0.0,6.0,7
1.0,8.0,0.0,7.0,1
1.0,8.0,0.0,16.0,1
1.0,8.0,1.0,-9.0,1
1.0,8.0,1.0,-6.0,4
1.0,8.0,1.0,-5.0,4
1.0,8.0,1.0,-4.0,8
1.0,8.0,1.0,-3.0,10
1.0,8.0,1.0,-2.0,7
1.0,8.0,1.0,-1.0,14
1.0,8.0,1.0,0.0,12
1.0,8.0,1.0,1.0,20
1.0,8.0,1.0,2.0,13
1.0,8.0,1.0,3.0,9
1.0,8.0,1.0,4.0,3
1.0,8.0,1.0,5.0,1
1.0,8.0,2.0,-4.0,1
1.0,8.0,2.0,0.0,1
1.0,8.0,2.0,1.0,2
1.0,8.0,2.0,8.0,1
1.0,8.0,4.0,-16.0,1
1.0,8.0,4.0,-15.0,1
1.0,8.0,4.0,-14.0,2
1.0,8.0,4.0,-13.0,11
1.0,8.0,4.0,-12.0,19
1.0,8.0,4.0,-11.0,28
1.0,8.0,4.0,-10.0,53
1.0,8.0,4.0,-9.0,68
1.0,8.0,4.0,-8.0,86
1.0,8.0,4.0,-7.0,122
1.0,8.0,4.0,-6.0,102
1.0,8.0,4.0,-5.0,111
1.0,8.0,4.0,-4.0,143
1.0,8.0,4.0,-3.0,115
1.0,8.0,4.0,-2.0,138
1.0,8.0,4.0,-1.0,136
1.0,8.0,4.0,0.0,137
1.0,8.0,4.0,1.0,105
1.0,8.0,4.0,2.0,105
1.0,8.0,4.0,3.0,78
1.0,8.0,4.0,4.0,52
1.0,8.0,4.0,5.0,22
1.0,8.0,4.0,6.0,14
1.0,8.0,4.0,7.0,4
1.0,8.0,4.0,8.0,3
1.0,8.0,4.0,10.0,3
1.0,8.0,4.0,11.0,2
1.0,8.0,4.0,24.0,1
2.0,5.0,0.0,-20.0,1
2.0,5.0,0.0,-19.0,3
2.0,5.0,0.0,-18.0,9
2.0,5.0,0.0,-17.0,11
2.0,5.0,0.0,-16.0,9
2.0,5.0,0.0,-15.0,11
2.0,5.0,0.0,-14.0,9
2.0,5.0,0.0,-11.0,1
2.0,5.0,0.0,-10.0,1
2.0,5.0,0.0,-8.0,1
2.0,5.0,0.0,1.0,1
2.0,5.0,0.0,2.0,1
2.0,5.0,0.0,3.0,1
2.0,5.0,0.0,11.0,1
2.0,5.0,0.0,17.0,1
2.0,5.0,0.0,23.0,1
2.0,5.0,0.0,24.0,1
2.0,5.0,0.0,25.0,1
2.0,5.0,1.0,-1.0,2
2.0,5.0,1.0,1.0,1
2.0,5.0,4.0,-20.0,1
2.0,5.0,4.0,-19.0,1
2.0,5.0,4.0,-18.0,3
2.0,5.0,4.0,-17.0,10
2.0,5.0,4.0,-16.0,11
2.0,5.0,4.0,-15.0,14
2.0,5.0,4.0,-14.0,3
2.0,5.0,4.0,-13.0,2
2.0,5.0,4.0,-12.0,1
2.0,5.0,4.0,-11.0,1
2.0,5.0,4.0,-10.0,1
2.0,5.0,4.0,-9.0,1
2.0,5.0,4.0,6.0,1
2.0,5.0,4.0,11.0,1
2.0,5.0,4.0,16.0,1
2.0,6.0,0.0,-22.0,1
2.0,6.0,0.0,-20.0,3
2.0,6.0,0.0,-19.0,3
2.0,6.0,0.0,-18.0,10
2.0,6.0,0.0,-17.0,22
2.0,6.0,0.0,-16.0,33
2.0,6.0,0.0,-15.0,75
2.0,6.0,0.0,-14.0,51
2.0,6.0,0.0,-13.0,34
2.0,6.0,0.0,-12.0,21
2.0,6.0,0.0,-11.0,2
2.0,6.0,0.0,-10.0,1
2.0,6.0,1.0,-12.0,2
2.0,6.0,1.0,-7.0,1
2.0,6.0,4.0,-20.0,2
2.0,6.0,4.0,-19.0,5
2.0,6.0,4.0,-18.0,7
2.0,6.0,4.0,-17.0,24
2.0,6.0,4.0,-16.0,29
2.0,6.0,4.0,-15.0,35
2.0,6.0,4.0,-14.0,34
2.0,6.0,4.0,-13.0,16
2.0,6.0,4.0,-12.0,8
2.0,6.0,4.0,-11.0,2
2.0,6.0,4.0,-10.0,1
2.0,6.0,4.0,-8.0,1
2.0,6.0,4.0,4.0,1
2.0,7.0,0.0,-20.0,1
2.0,7.0,0.0,-18.0,11
2.0,7.0,0.0,-17.0,17
2.0,7.0,0.0,-16.0,28
2.0,7.0,0.0,-15.0,82
2.0,7.0,0.0,-14.0,115
2.0,7.0,0.0,-13.0,178
2.0,7.0,0.0,-12.0,146
2.0,7.0,0.0,-11.0,121
2.0,7.0,0.0,-10.0,83
2.0,7.0,0.0,-9.0,60
2.0,7.0,0.0,-8.0,32
2.0,7.0,0.0,-7.0,14
2.0,7.0,0.0,-6.0,4
2.0,7.0,0.0,-5.0,3
2.0,7.0,0.0,-4.0,4
2.0,7.0,0.0,-2.0,1
2.0,7.0,0.0,2.0,1
2.0,7.0,1.0,-11.0,1
2.0,7.0,1.0,-7.0,1
2.0,7.0,1.0,-6.0,2
2.0,7.0,1.0,-5.0,1
2.0,7.0,1.0,0.0,1
2.0,7.0,4.0,-22.0,1
2.0,7.0,4.0,-21.0,2
2.0,7.0,4.0,-20.0,1
2.0,7.0,4.0,-19.0,3
2.0,7.0,4.0,-18.0,9
2.0,7.0,4.0,-17.0,16
2.0,7.0,4.0,-16.0,25
2.0,7.0,4.0,-15.0,71
2.0,7.0,4.0,-14.0,106
2.0,7.0,4.0,-13.0,121
2.0,7.0,4.0,-12.0,135
2.0,7.0,4.0,-11.0,84
2.0,7.0,4.0,-10.0,49
2.0,7.0,4.0,-9.0,37
2.0,7.0,4.0,-8.0,17
2.0,7.0,4.0,-7.0,9
2.0,7.0,4.0,-6.0,5
2.0,7.0,4.0,-5.0,9
2.0,7.0,4.0,-4.0,2
2.0,7.0,4.0,-3.0,1
2.0,7.0,4.0,0.0,2
2.0,8.0,0.0,-16.0,6
2.0,8.0,0.0,-15.0,16
2.0,8.0,0.0,-14.0,40
2.0,8.0,0.0,-13.0,98
2.0,8.0,0.0,-12.0,176
2.0,8.0,0.0,-11.0,261
2.0,8.0,0.0,-10.0,469
2.0,8.0,0.0,-9.0,546
2.0,8.0,0.0,-8.0,586
2.0,8.0,0.0,-7.0,461
2.0,8.0,0.0,-6.0,348
2.0,8.0,0.0,-5.0,223
2.0,8.0,0.0,-4.0,104
2.0,8.0,0.0,-3.0,60
2.0,8.0,0.0,-2.0,26
2.0,8.0,0.0,-1.0,14
2.0,8.0,0.0,0.0,4
2.0,8.0,0.0,1.0,5
2.0,8.0,0.0,2.0,1
2.0,8.0,0.0,4.0,2
2.0,8.0,0.0,5.0,1
2.0,8.0,0.0,7.0,2
2.0,8.0,1.0,-8.0,1
2.0,8.0,1.0,-7.0,1
2.0,8.0,1.0,-6.0,1
2.0,8.0,1.0,-5.0,2
2.0,8.0,1.0,-3.0,3
2.0,8.0,1.0,-2.0,4
2.0,8.0,1.0,-1.0,2
2.0,8.0,1.0,0.0,2
2.0,8.0,1.0,2.0,2
2.0,8.0,1.0,3.0,1
2.0,8.0,2.0,-3.0,1
2.0,8.0,2.0,3.0,1
2.0,8.0,4.0,-20.0,2
2.0,8.0,4.0,-19.0,4
2.0,8.0,4.0,-18.0,2
2.0,8.0,4.0,-17.0,6
2.0,8.0,4.0,-16.0,18
2.0,8.0,4.0,-15.0,31
2.0,8.0,4.0,-14.0,63
2.0,8.0,4.0,-13.0,128
2.0,8.0,4.0,-12.0,228
2.0,8.0,4.0,-11.0,344
2.0,8.0,4.0,-10.0,469
2.0,8.0,4.0,-9.0,474
2.0,8.0,4.0,-8.0,460
2.0,8.0,4.0,-7.0,326
2.0,8.0,4.0,-6.0,214
2.0,8.0,4.0,-5.0,131
2.0,8.0,4.0,-4.0,74
2.0,8.0,4.0,-3.0,40
2.0,8.0,4.0,-2.0,24
2.0,8.0,4.0,-1.0,8
2.0,8.0,4.0,0.0,3
2.0,8.0,4.0,1.0,3
2.0,8.0,4.0,2.0,2
2.0,8.0,4.0,3.0,1
2.0,8.0,4.0,12.0,1
2.0,8.0,4.0,14.0,1
3.0,5.0,0.0,-21.0,1
3.0,5.0,0.0,-20.0,4
3.0,5.0,0.0,-19.0,6
3.0,5.0,0.0,-18.0,11
3.0,5.0,0.0,-17.0,25
3.0,5.0,0.0,-16.0,38
3.0,5.0,0.0,-15.0,41
3.0,5.0,0.0,-14.0,26
3.0,5.0,0.0,-13.0,17
3.0,5.0,0.0,-12.0,9
3.0,5.0,0.0,-11.0,6
3.0,5.0,0.0,-10.0,4
3.0,5.0,0.0,-9.0,1
3.0,5.0,0.0,-8.0,1
3.0,5.0,0.0,-7.0,3
3.0,5.0,0.0,-4.0,3
3.0,5.0,0.0,-2.0,3
3.0,5.0,0.0,1.0,1
3.0,5.0,0.0,4.0,1
3.0,5.0,0.0,5.0,1
3.0,5.0,0.0,7.0,1
3.0,5.0,0.0,12.0,1
3.0,5.0,0.0,14.0,1
3.0,5.0,0.0,16.0,2
3.0,5.0,0.0,19.0,1
3.0,5.0,0.0,20.0,1
3.0,5.0,0.0,21.0,1
3.0,5.0,0.0,22.0,1
3.0,5.0,0.0,24.0,2
3.0,5.0,0.0,28.0,1
3.0,5.0,0.0,40.0,1
3.0,5.0,1.0,-12.0,1
3.0,5.0,1.0,-10.0,3
3.0,5.0,1.0,-8.0,1
3.0,5.0,1.0,-7.0,1
3.0,5.0,1.0,4.0,1
3.0,5.0,1.0,5.0,1
3.0,5.0,1.0,17.0,1
3.0,5.0,2.0,-4.0,1
3.0,5.0,3.0,5.0,1
3.0,5.0,4.0,-20.0,3
3.0,5.0,4.0,-19.0,6
3.0,5.0,4.0,-18.0,21
3.0,5.0,4.0,-17.0,27
3.0,5.0,4.0,-16.0,32
3.0,5.0,4.0,-15.0,51
3.0,5.0,4.0,-14.0,33
3.0,5.0,4.0,-13.0,9
3.0,5.0,4.0,-12.0,4
3.0,5.0,4.0,-11.0,1
3.0,5.0,4.0,-9.0,1
3.0,5.0,4.0,-8.0,1
3.0,5.0,4.0,-5.0,1
3.0,5.0,4.0,-4.0,1
3.0,5.0,4.0,7.0,1
3.0,5.0,4.0,10.0,1
3.0,5.0,4.0,11.0,1
3.0,5.0,4.0,19.0,1
3.0,5.0,4.0,26.0,1
3.0,5.0,4.0,27.0,1
3.0,6.0,0.0,-21.0,1
3.0,6.0,0.0,-20.0,6
3.0,6.0,0.0,-19.0,5
3.0,6.0,0.0,-18.0,13
3.0,6.0,0.0,-17.0,28
3.0,6.0,0.0,-16.0,61
3.0,6.0,0.0,-15.0,103
3.0,6.0,0.0,-14.0,137
3.0,6.0,0.0,-13.0,140
3.0,6.0,0.0,-12.0,90
3.0,6.0,0.0,-11.0,60
3.0,6.0,0.0,-10.0,40
3.0,6.0,0.0,-9.0,23
3.0,6.0,0.0,-8.0,10
3.0,6.0,0.0,-7.0,2
3.0,6.0,0.0,-1.0,1
3.0,6.0,0.0,5.0,1
3.0,6.0,0.0,10.0,1
3.0,6.0,1.0,-13.0,1
3.0,6.0,1.0,-12.0,5
3.0,6.0,1.0,-11.0,1
3.0,6.0,1.0,-10.0,1
3.0,6.0,1.0,-9.0,7
3.0,6.0,1.0,-8.0,8
3.0,6.0,1.0,-7.0,12
3.0,6.0,1.0,-6.0,9
3.0,6.0,1.0,-5.0,4
3.0,6.0,1.0,-4.0,2
3.0,6.0,2.0,-6.0,3
3.0,6.0,2.0,-2.0,1
3.0,6.0,2.0,0.0,2
3.0,6.0,4.0,-20.0,1
3.0,6.0,4.0,-19.0,12
3.0,6.0,4.0,-18.0,24
3.0,6.0,4.0,-17.0,57
3.0,6.0,4.0,-16.0,123
3.0,6.0,4.0,-15.0,153
3.0,6.0,4.0,-14.0,187
3.0,6.0,4.0,-13.0,158
3.0,6.0,4.0,-12.0,89
3.0,6.0,4.0,-11.0,32
3.0,6.0,4.0,-10.0,11
3.0,6.0,4.0,-9.0,5
3.0,6.0,4.0,-8.0,3
3.0,6.0,4.0,-7.0,1
3.0,6.0,4.0,-5.0,1
3.0,7.0,0.0,-21.0,1
3.0,7.0,0.0,-19.0,3
3.0,7.0,0.0,-18.0,3
3.0,7.0,0.0,-17.0,11
3.0,7.0,0.0,-16.0,20
3.0,7.0,0.0,-15.0,68
3.0,7.0,0.0,-14.0,146
3.0,7.0,0.0,-13.0,212
3.0,7.0,0.0,-12.0,350
3.0,7.0,0.0,-11.0,390
3.0,7.0,0.0,-10.0,370
3.0,7.0,0.0,-9.0,283
3.0,7.0,0.0,-8.0,236
3.0,7.0,0.0,-7.0,137
3.0,7.0,0.0,-6.0,68
3.0,7.0,0.0,-5.0,48
3.0,7.0,0.0,-4.0,19
3.0,7.0,0.0,-3.0,7
3.0,7.0,0.0,-2.0,3
3.0,7.0,0.0,-1.0,1
3.0,7.0,0.0,0.0,1
3.0,7.0,0.0,2.0,2
3.0,7.0,0.0,43.0,1
3.0,7.0,1.0,-13.0,1
3.0,7.0,1.0,-12.0,1
3.0,7.0,1.0,-11.0,3
3.0,7.0,1.0,-10.0,4
3.0,7.0,1.0,-9.0,17
3.0,7.0,1.0,-8.0,11
3.0,7.0,1.0,-7.0,45
3.0,7.0,1.0,-6.0,42
3.0,7.0,1.0,-5.0,44
3.0,7.0,1.0,-4.0,47
3.0,7.0,1.0,-3.0,26
3.0,7.0,1.0,-2.0,24
3.0,7.0,1.0,-1.0,11
3.0,7.0,1.0,0.0,9
3.0,7.0,1.0,1.0,4
3.0,7.0,1.0,2.0,2
3.0,7.0,1.0,7.0,1
3.0,7.0,1.0,17.0,1
3.0,7.0,2.0,-5.0,1
3.0,7.0,2.0,-4.0,1
3.0,7.0,2.0,-3.0,1
3.0,7.0,2.0,-2.0,4
3.0,7.0,2.0,-1.0,5
3.0,7.0,2.0,0.0,3
3.0,7.0,2.0,2.0,2
3.0,7.0,3.0,4.0,1
3.0,7.0,4.0,-20.0,2
3.0,7.0,4.0,-19.0,4
3.0,7.0,4.0,-18.0,13
3.0,7.0,4.0,-17.0,23
3.0,7.0,4.0,-16.0,64
3.0,7.0,4.0,-15.0,121
3.0,7.0,4.0,-14.0,295
3.0,7.0,4.0,-13.0,500
3.0,7.0,4.0,-12.0,580
3.0,7.0,4.0,-11.0,561
3.0,7.0,4.0,-10.0,434
3.0,7.0,4.0,-9.0,247
3.0,7.0,4.0,-8.0,145
3.0,7.0,4.0,-7.0,74
3.0,7.0,4.0,-6.0,29
3.0,7.0,4.0,-5.0,13
3.0,7.0,4.0,-4.0,9
3.0,7.0,4.0,-3.0,5
3.0,7.0,4.0,-2.0,1
3.0,7.0,4.0,-1.0,1
3.0,7.0,4.0,0.0,1
3.0,7.0,4.0,1.0,2
3.0,7.0,4.0,2.0,4
3.0,7.0,4.0,3.0,2
3.0,7.0,4.0,4.0,2
3.0,7.0,4.0,5.0,1
3.0,7.0,4.0,6.0,2
3.0,7.0,4.0,7.0,1
3.0,7.0,4.0,15.0,1
3.0,7.0,4.0,41.0,1
3.0,8.0,0.0,-17.0,2
3.0,8.0,0.0,-16.0,2
3.0,8.0,0.0,-15.0,5
3.0,8.0,0.0,-14.0,11
3.0,8.0,0.0,-13.0,39
3.0,8.0,0.0,-12.0,97
3.0,8.0,0.0,-11.0,207
3.0,8.0,0.0,-10.0,389
3.0,8.0,0.0,-9.0,587
3.0,8.0,0.0,-8.0,820
3.0,8.0,0.0,-7.0,1066
3.0,8.0,0.0,-6.0,1069
3.0,8.0,0.0,-5.0,866
3.0,8.0,0.0,-4.0,707
3.0,8.0,0.0,-3.0,487
3.0,8.0,0.0,-2.0,279
3.0,8.0,0.0,-1.0,142
3.0,8.0,0.0,0.0,83
3.0,8.0,0.0,1.0,29
3.0,8.0,0.0,2.0,12
3.0,8.0,0.0,3.0,6
3.0,8.0,0.0,4.0,4
3.0,8.0,0.0,5.0,1
3.0,8.0,0.0,8.0,4
3.0,8.0,0.0,9.0,1
3.0,8.0,0.0,10.0,1
3.0,8.0,0.0,11.0,1
3.0,8.0,0.0,13.0,1
3.0,8.0,1.0,-9.0,1
3.0,8.0,1.0,-8.0,3
3.0,8.0,1.0,-7.0,17
3.0,8.0,1.0,-6.0,31
3.0,8.0,1.0,-5.0,36
3.0,8.0,1.0,-4.0,65
3.0,8.0,1.0,-3.0,98
3.0,8.0,1.0,-2.0,131
3.0,8.0,1.0,-1.0,148
3.0,8.0,1.0,0.0,129
3.0,8.0,1.0,1.0,128
3.0,8.0,1.0,2.0,92
3.0,8.0,1.0,3.0,52
3.0,8.0,1.0,4.0,24
3.0,8.0,1.0,5.0,7
3.0,8.0,1.0,6.0,5
3.0,8.0,1.0,7.0,2
3.0,8.0,1.0,8.0,1
3.0,8.0,2.0,-2.0,1
3.0,8.0,2.0,-1.0,4
3.0,8.0,2.0,0.0,6
3.0,8.0,2.0,1.0,5
3.0,8.0,2.0,2.0,7
3.0,8.0,2.0,3.0,8
3.0,8.0,2.0,4.0,13
3.0,8.0,2.0,5.0,7
3.0,8.0,2.0,6.0,1
3.0,8.0,2.0,7.0,1
3.0,8.0,2.0,8.0,2
3.0,8.0,3.0,6.0,2
3.0,8.0,4.0,-19.0,1
3.0,8.0,4.0,-18.0,1
3.0,8.0,4.0,-17.0,9
3.0,8.0,4.0,-16.0,12
3.0,8.0,4.0,-15.0,36
3.0,8.0,4.0,-14.0,74
3.0,8.0,4.0,-13.0,169
3.0,8.0,4.0,-12.0,349
3.0,8.0,4.0,-11.0,603
3.0,8.0,4.0,-10.0,1025
3.0,8.0,4.0,-9.0,1435
3.0,8.0,4.0,-8.0,1743
3.0,8.0,4.0,-7.0,1733
3.0,8.0,4.0,-6.0,1551
3.0,8.0,4.0,-5.0,1179
3.0,8.0,4.0,-4.0,764
3.0,8.0,4.0,-3.0,474
3.0,8.0,4.0,-2.0,266
3.0,8.0,4.0,-1.0,175
3.0,8.0,4.0,0.0,112
3.0,8.0,4.0,1.0,75
3.0,8.0,4.0,2.0,58
3.0,8.0,4.0,3.0,37
3.0,8.0,4.0,4.0,27
3.0,8.0,4.0,5.0,18
3.0,8.0,4.0,6.0,13
3.0,8.0,4.0,7.0,4
3.0,8.0,4.0,8.0,3
3.0,8.0,4.0,9.0,7
3.0,8.0,4.0,10.0,3
3.0,8.0,4.0,11.0,2
3.0,8.0,4.0,13.0,1
3.0,8.0,4.0,18.0,1
3.0,8.0,4.0,25.0,1
3.0,8.0,4.0,40.0,1
4.0,5.0,0.0,-24.0,1
4.0,5.0,0.0,-19.0,2
4.0,5.0,0.0,-18.0,2
4.0,5.0,0.0,-17.0,3
4.0,5.0,0.0,-16.0,6
4.0,5.0,0.0,-15.0,20
4.0,5.0,0.0,-14.0,12
4.0,5.0,0.0,-13.0,22
4.0,5.0,0.0,-12.0,13
4.0,5.0,0.0,-11.0,9
4.0,5.0,0.0,-10.0,1
4.0,5.0,0.0,-9.0,3
4.0,5.0,0.0,-8.0,2
4.0,5.0,0.0,-7.0,1
4.0,5.0,0.0,-6.0,1
4.0,5.0,0.0,-5.0,1
4.0,5.0,0.0,-3.0,1
4.0,5.0,0.0,-2.0,1
4.0,5.0,0.0,-1.0,1
4.0,5.0,0.0,12.0,1
4.0,5.0,0.0,19.0,1
4.0,5.0,0.0,25.0,1
4.0,5.0,1.0,-16.0,3
4.0,5.0,1.0,-15.0,3
4.0,5.0,1.0,-14.0,7
4.0,5.0,1.0,-13.0,7
4.0,5.0,1.0,-12.0,12
4.0,5.0,1.0,-11.0,9
4.0,5.0,1.0,-10.0,13
4.0,5.0,1.0,-9.0,11
4.0,5.0,1.0,-8.0,16
4.0,5.0,1.0,-7.0,5
4.0,5.0,1.0,-6.0,2
4.0,5.0,1.0,-5.0,1
4.0,5.0,1.0,-4.0,3
4.0,5.0,1.0,-3.0,2
4.0,5.0,1.0,-2.0,1
4.0,5.0,1.0,-1.0,1
4.0,5.0,1.0,0.0,1
4.0,5.0,1.0,2.0,1
4.0,5.0,1.0,7.0,1
4.0,5.0,1.0,10.0,1
4.0,5.0,1.0,11.0,1
4.0,5.0,1.0,18.0,1
4.0,5.0,1.0,27.0,1
4.0,5.0,2.0,-11.0,1
4.0,5.0,2.0,-10.0,4
4.0,5.0,2.0,-9.0,8
4.0,5.0,2.0,-8.0,5
4.0,5.0,2.0,-7.0,5
4.0,5.0,2.0,-6.0,11
4.0,5.0,2.0,-5.0,7
4.0,5.0,2.0,-4.0,2
4.0,5.0,2.0,-3.0,1
4.0,5.0,2.0,-2.0,4
4.0,5.0,2.0,0.0,1
4.0,5.0,2.0,2.0,1
4.0,5.0,2.0,4.0,1
4.0,5.0,2.0,6.0,1
4.0,5.0,2.0,14.0,1
4.0,5.0,2.0,20.0,1
4.0,5.0,3.0,-6.0,2
4.0,5.0,3.0,-5.0,2
4.0,5.0,3.0,-4.0,4
4.0,5.0,3.0,-3.0,5
4.0,5.0,3.0,-2.0,7
4.0,5.0,3.0,-1.0,6
4.0,5.0,3.0,0.0,10
4.0,5.0,3.0,1.0,4
4.0,5.0,3.0,2.0,9
4.0,5.0,3.0,3.0,5
4.0,5.0,3.0,4.0,3
4.0,5.0,3.0,5.0,1
4.0,5.0,3.0,6.0,1
4.0,5.0,3.0,10.0,1
4.0,5.0,3.0,12.0,2
4.0,5.0,3.0,15.0,1
4.0,5.0,3.0,16.0,1
4.0,5.0,4.0,-16.0,1
4.0,5.0,4.0,-15.0,4
4.0,5.0,4.0,-14.0,3
4.0,5.0,4.0,-11.0,1
4.0,5.0,4.0,-10.0,1
4.0,5.0,4.0,27.0,2
4.0,6.0,0.0,-20.0,1
4.0,6.0,0.0,-19.0,1
4.0,6.0,0.0,-17.0,2
4.0,6.0,0.0,-16.0,6
4.0,6.0,0.0,-15.0,18
4.0,6.0,0.0,-14.0,47
4.0,6.0,0.0,-13.0,55
4.0,6.0,0.0,-12.0,85
4.0,6.0,0.0,-11.0,76
4.0,6.0,0.0,-10.0,56
4.0,6.0,0.0,-9.0,24
4.0,6.0,0.0,-8.0,12
4.0,6.0,0.0,-7.0,11
4.0,6.0,0.0,-6.0,3
4.0,6.0,0.0,-4.0,1
4.0,6.0,0.0,0.0,1
4.0,6.0,0.0,1.0,1
4.0,6.0,0.0,4.0,1
4.0,6.0,0.0,6.0,1
4.0,6.0,0.0,43.0,1
4.0,6.0,1.0,-15.0,2
4.0,6.0,1.0,-14.0,7
4.0,6.0,1.0,-13.0,11
4.0,6.0,1.0,-12.0,13
4.0,6.0,1.0,-11.0,26
4.0,6.0,1.0,-10.0,50
4.0,6.0,1.0,-9.0,78
4.0,6.0,1.0,-8.0,56
4.0,6.0,1.0,-7.0,50
4.0,6.0,1.0,-6.0,39
4.0,6.0,1.0,-5.0,23
4.0,6.0,1.0,-4.0,7
4.0,6.0,1.0,-3.0,5
4.0,6.0,1.0,-2.0,6
4.0,6.0,1.0,-1.0,1
4.0,6.0,1.0,0.0,1
4.0,6.0,2.0,-11.0,1
4.0,6.0,2.0,-9.0,3
4.0,6.0,2.0,-8.0,10
4.0,6.0,2.0,-7.0,15
4.0,6.0,2.0,-6.0,22
4.0,6.0,2.0,-5.0,24
4.0,6.0,2.0,-4.0,34
4.0,6.0,2.0,-3.0,37
4.0,6.0,2.0,-2.0,24
4.0,6.0,2.0,-1.0,17
4.0,6.0,2.0,0.0,9
4.0,6.0,2.0,1.0,10
4.0,6.0,2.0,2.0,2
4.0,6.0,2.0,3.0,1
4.0,6.0,3.0,-5.0,3
4.0,6.0,3.0,-4.0,5
4.0,6.0,3.0,-3.0,10
4.0,6.0,3.0,-2.0,18
4.0,6.0,3.0,-1.0,21
4.0,6.0,3.0,0.0,30
4.0,6.0,3.0,1.0,38
4.0,6.0,3.0,2.0,25
4.0,6.0,3.0,3.0,22
4.0,6.0,3.0,4.0,18
4.0,6.0,3.0,5.0,18
4.0,6.0,3.0,6.0,8
4.0,6.0,3.0,7.0,9
4.0,6.0,3.0,8.0,1
4.0,6.0,3.0,11.0,2
4.0,6.0,3.0,13.0,1
4.0,6.0,3.0,26.0,1
4.0,6.0,3.0,27.0,1
4.0,6.0,3.0,30.0,1
4.0,6.0,4.0,-18.0,1
4.0,6.0,4.0,-17.0,2
4.0,6.0,4.0,-16.0,3
4.0,6.0,4.0,-15.0,7
4.0,6.0,4.0,-14.0,8
4.0,6.0,4.0,-13.0,6
4.0,6.0,4.0,-12.0,11
4.0,6.0,4.0,-11.0,4
4.0,6.0,4.0,-10.0,2
4.0,6.0,4.0,-9.0,1
4.0,6.0,4.0,3.0,1
4.0,7.0,0.0,-17.0,1
4.0,7.0,0.0,-16.0,1
4.0,7.0,0.0,-15.0,4
4.0,7.0,0.0,-14.0,19
4.0,7.0,0.0,-13.0,41
4.0,7.0,0.0,-12.0,100
4.0,7.0,0.0,-11.0,161
4.0,7.0,0.0,-10.0,175
4.0,7.0,0.0,-9.0,247
4.0,7.0,0.0,-8.0,199
4.0,7.0,0.0,-7.0,132
4.0,7.0,0.0,-6.0,78
4.0,7.0,0.0,-5.0,44
4.0,7.0,0.0,-4.0,25
4.0,7.0,0.0,-3.0,7
4.0,7.0,0.0,-2.0,3
4.0,7.0,0.0,-1.0,1
4.0,7.0,0.0,0.0,2
4.0,7.0,0.0,1.0,3
4.0,7.0,0.0,2.0,1
4.0,7.0,0.0,4.0,4
4.0,7.0,0.0,10.0,1
4.0,7.0,1.0,-13.0,3
4.0,7.0,1.0,-12.0,2
4.0,7.0,1.0,-11.0,17
4.0,7.0,1.0,-10.0,27
4.0,7.0,1.0,-9.0,86
4.0,7.0,1.0,-8.0,105
4.0,7.0,1.0,-7.0,144
4.0,7.0,1.0,-6.0,170
4.0,7.0,1.0,-5.0,163
4.0,7.0,1.0,-4.0,143
4.0,7.0,1.0,-3.0,96
4.0,7.0,1.0,-2.0,74
4.0,7.0,1.0,-1.0,43
4.0,7.0,1.0,0.0,19
4.0,7.0,1.0,1.0,7
4.0,7.0,1.0,2.0,2
4.0,7.0,1.0,4.0,2
4.0,7.0,1.0,5.0,1
4.0,7.0,1.0,6.0,2
4.0,7.0,1.0,21.0,1
4.0,7.0,2.0,-9.0,1
4.0,7.0,2.0,-8.0,4
4.0,7.0,2.0,-7.0,8
4.0,7.0,2.0,-6.0,19
4.0,7.0,2.0,-5.0,29
4.0,7.0,2.0,-4.0,54
4.0,7.0,2.0,-3.0,86
4.0,7.0,2.0,-2.0,97
4.0,7.0,2.0,-1.0,102
4.0,7.0,2.0,0.0,106
4.0,7.0,2.0,1.0,87
4.0,7.0,2.0,2.0,73
4.0,7.0,2.0,3.0,31
4.0,7.0,2.0,4.0,25
4.0,7.0,2.0,5.0,9
4.0,7.0,2.0,6.0,3
4.0,7.0,2.0,7.0,2
4.0,7.0,2.0,8.0,1
4.0,7.0,2.0,9.0,1
4.0,7.0,2.0,10.0,1
4.0,7.0,2.0,29.0,1
4.0,7.0,2.0,42.0,1
4.0,7.0,3.0,-9.0,1
4.0,7.0,3.0,-6.0,2
4.0,7.0,3.0,-4.0,2
4.0,7.0,3.0,-3.0,3
4.0,7.0,3.0,-2.0,8
4.0,7.0,3.0,-1.0,24
4.0,7.0,3.0,0.0,45
4.0,7.0,3.0,1.0,63
4.0,7.0,3.0,2.0,94
4.0,7.0,3.0,3.0,101
4.0,7.0,3.0,4.0,100
4.0,7.0,3.0,5.0,106
4.0,7.0,3.0,6.0,65
4.0,7.0,3.0,7.0,59
4.0,7.0,3.0,8.0,29
4.0,7.0,3.0,9.0,23
4.0,7.0,3.0,10.0,6
4.0,7.0,3.0,11.0,3
4.0,7.0,3.0,12.0,6
4.0,7.0,3.0,13.0,2
4.0,7.0,3.0,17.0,1
4.0,7.0,3.0,22.0,1
4.0,7.0,3.0,23.0,1
4.0,7.0,3.0,25.0,1
4.0,7.0,3.0,30.0,1
4.0,7.0,4.0,-15.0,4
4.0,7.0,4.0,-14.0,6
4.0,7.0,4.0,-13.0,12
4.0,7.0,4.0,-12.0,28
4.0,7.0,4.0,-11.0,49
4.0,7.0,4.0,-10.0,29
4.0,7.0,4.0,-9.0,25
4.0,7.0,4.0,-8.0,24
4.0,7.0,4.0,-7.0,10
4.0,7.0,4.0,-6.0,9
4.0,7.0,4.0,-5.0,4
4.0,7.0,4.0,-4.0,5
4.0,7.0,4.0,-3.0,2
4.0,7.0,4.0,-2.0,5
4.0,7.0,4.0,-1.0,5
4.0,7.0,4.0,0.0,3
4.0,7.0,4.0,1.0,2
4.0,7.0,4.0,2.0,6
4.0,7.0,4.0,3.0,4
4.0,7.0,4.0,4.0,2
4.0,7.0,4.0,6.0,1
4.0,7.0,4.0,9.0,1
4.0,7.0,4.0,37.0,1
4.0,8.0,0.0,-14.0,2
4.0,8.0,0.0,-13.0,6
4.0,8.0,0.0,-12.0,24
4.0,8.0,0.0,-11.0,29
4.0,8.0,0.0,-10.0,53
4.0,8.0,0.0,-9.0,121
4.0,8.0,0.0,-8.0,175
4.0,8.0,0.0,-7.0,262
4.0,8.0,0.0,-6.0,360
4.0,8.0,0.0,-5.0,367
4.0,8.0,0.0,-4.0,294
4.0,8.0,0.0,-3.0,253
4.0,8.0,0.0,-2.0,160
4.0,8.0,0.0,-1.0,100
4.0,8.0,0.0,0.0,50
4.0,8.0,0.0,1.0,22
4.0,8.0,0.0,2.0,9
4.0,8.0,0.0,3.0,9
4.0,8.0,0.0,4.0,4
4.0,8.0,0.0,5.0,2
4.0,8.0,0.0,6.0,4
4.0,8.0,0.0,13.0,1
4.0,8.0,0.0,34.0,1
4.0,8.0,1.0,-10.0,5
4.0,8.0,1.0,-9.0,5
4.0,8.0,1.0,-8.0,18
4.0,8.0,1.0,-7.0,45
4.0,8.0,1.0,-6.0,71
4.0,8.0,1.0,-5.0,103
4.0,8.0,1.0,-4.0,176
4.0,8.0,1.0,-3.0,236
4.0,8.0,1.0,-2.0,211
4.0,8.0,1.0,-1.0,231
4.0,8.0,1.0,0.0,209
4.0,8.0,1.0,1.0,156
4.0,8.0,1.0,2.0,107
4.0,8.0,1.0,3.0,61
4.0,8.0,1.0,4.0,45
4.0,8.0,1.0,5.0,13
4.0,8.0,1.0,6.0,10
4.0,8.0,1.0,7.0,3
4.0,8.0,1.0,8.0,1
4.0,8.0,1.0,9.0,1
4.0,8.0,1.0,13.0,1
4.0,8.0,1.0,14.0,1
4.0,8.0,1.0,19.0,1
4.0,8.0,2.0,-9.0,1
4.0,8.0,2.0,-7.0,2
4.0,8.0,2.0,-6.0,4
4.0,8.0,2.0,-5.0,2
4.0,8.0,2.0,-4.0,11
4.0,8.0,2.0,-3.0,26
4.0,8.0,2.0,-2.0,43
4.0,8.0,2.0,-1.0,79
4.0,8.0,2.0,0.0,126
4.0,8.0,2.0,1.0,195
4.0,8.0,2.0,2.0,197
4.0,8.0,2.0,3.0,210
4.0,8.0,2.0,4.0,204
4.0,8.0,2.0,5.0,143
4.0,8.0,2.0,6.0,110
4.0,8.0,2.0,7.0,77
4.0,8.0,2.0,8.0,28
4.0,8.0,2.0,9.0,24
4.0,8.0,2.0,10.0,8
4.0,8.0,2.0,11.0,3
4.0,8.0,2.0,12.0,1
4.0,8.0,2.0,14.0,1
4.0,8.0,3.0,-4.0,1
4.0,8.0,3.0,-2.0,1
4.0,8.0,3.0,-1.0,4
4.0,8.0,3.0,0.0,13
4.0,8.0,3.0,1.0,17
4.0,8.0,3.0,2.0,42
4.0,8.0,3.0,3.0,57
4.0,8.0,3.0,4.0,108
4.0,8.0,3.0,5.0,156
4.0,8.0,3.0,6.0,166
4.0,8.0,3.0,7.0,177
4.0,8.0,3.0,8.0,171
4.0,8.0,3.0,9.0,177
4.0,8.0,3.0,10.0,154
4.0,8.0,3.0,11.0,90
4.0,8.0,3.0,12.0,57
4.0,8.0,3.0,13.0,40
4.0,8.0,3.0,14.0,30
4.0,8.0,3.0,15.0,8
4.0,8.0,3.0,16.0,10
4.0,8.0,3.0,17.0,3
4.0,8.0,3.0,18.0,4
4.0,8.0,3.0,19.0,2
4.0,8.0,3.0,20.0,1
4.0,8.0,3.0,23.0,1
4.0,8.0,3.0,24.0,1
4.0,8.0,3.0,25.0,2
4.0,8.0,3.0,27.0,3
4.0,8.0,3.0,28.0,1
4.0,8.0,3.0,29.0,2
4.0,8.0,3.0,30.0,1
4.0,8.0,3.0,32.0,1
4.0,8.0,4.0,-17.0,1
4.0,8.0,4.0,-14.0,4
4.0,8.0,4.0,-13.0,7
4.0,8.0,4.0,-12.0,14
4.0,8.0,4.0,-11.0,29
4.0,8.0,4.0,-10.0,54
4.0,8.0,4.0,-9.0,78
4.0,8.0,4.0,-8.0,128
4.0,8.0,4.0,-7.0,159
4.0,8.0,4.0,-6.0,200
4.0,8.0,4.0,-5.0,211
4.0,8.0,4.0,-4.0,176
4.0,8.0,4.0,-3.0,169
4.0,8.0,4.0,-2.0,154
4.0,8.0,4.0,-1.0,160
4.0,8.0,4.0,0.0,134
4.0,8.0,4.0,1.0,130
4.0,8.0,4.0,2.0,131
4.0,8.0,4.0,3.0,116
4.0,8.0,4.0,4.0,101
4.0,8.0,4.0,5.0,86
4.0,8.0,4.0,6.0,97
4.0,8.0,4.0,7.0,97
4.0,8.0,4.0,8.0,82
4.0,8.0,4.0,9.0,58
4.0,8.0,4.0,10.0,44
4.0,8.0,4.0,11.0,40
4.0,8.0,4.0,12.0,29
4.0,8.0,4.0,13.0,24
4.0,8.0,4.0,14.0,13
4.0,8.0,4.0,15.0,4
4.0,8.0,4.0,18.0,3
4.0,8.0,4.0,20.0,1
4.0,8.0,4.0,23.0,1
4.0,8.0,4.0,30.0,1
4.0,8.0,4.0,31.0,1
4.0,8.0,4.0,32.0,1
5.0,5.0,0.0,-18.0,1
5.0,5.0,0.0,-16.0,1
5.0,5.0,0.0,-15.0,3
5.0,5.0,0.0,-14.0,1
5.0,5.0,0.0,-13.0,2
5.0,5.0,0.0,-12.0,2
5.0,5.0,0.0,-11.0,1
5.0,5.0,0.0,-9.0,1
5.0,5.0,0.0,-8.0,1
5.0,5.0,0.0,-6.0,1
5.0,5.0,0.0,-3.0,1
5.0,5.0,0.0,0.0,1
5.0,5.0,0.0,3.0,1
5.0,5.0,0.0,6.0,2
5.0,5.0,0.0,15.0,1
5.0,5.0,0.0,19.0,1
5.0,5.0,0.0,20.0,1
5.0,5.0,0.0,22.0,1
5.0,5.0,0.0,25.0,1
5.0,5.0,0.0,28.0,1
5.0,5.0,0.0,29.0,1
5.0,5.0,1.0,-13.0,2
5.0,5.0,1.0,-12.0,3
5.0,5.0,1.0,-11.0,5
5.0,5.0,1.0,-10.0,7
5.0,5.0,1.0,-9.0,5
5.0,5.0,1.0,-8.0,7
5.0,5.0,1.0,-7.0,3
5.0,5.0,1.0,-6.0,3
5.0,5.0,1.0,-5.0,4
5.0,5.0,1.0,-3.0,3
5.0,5.0,1.0,-2.0,2
5.0,5.0,1.0,-1.0,2
5.0,5.0,1.0,1.0,1
5.0,5.0,1.0,2.0,2
5.0,5.0,1.0,3.0,2
5.0,5.0,1.0,6.0,1
5.0,5.0,1.0,8.0,1
5.0,5.0,1.0,17.0,1
5.0,5.0,1.0,21.0,1
5.0,5.0,1.0,22.0,1
5.0,5.0,1.0,23.0,1
5.0,5.0,1.0,24.0,1
5.0,5.0,1.0,25.0,2
5.0,5.0,1.0,26.0,1
5.0,5.0,2.0,-9.0,2
5.0,5.0,2.0,-8.0,6
5.0,5.0,2.0,-7.0,6
5.0,5.0,2.0,-6.0,5
5.0,5.0,2.0,-5.0,7
5.0,5.0,2.0,-4.0,11
5.0,5.0,2.0,-3.0,7
5.0,5.0,2.0,-2.0,6
5.0,5.0,2.0,-1.0,10
5.0,5.0,2.0,0.0,7
5.0,5.0,2.0,1.0,3
5.0,5.0,2.0,2.0,2
5.0,5.0,2.0,3.0,1
5.0,5.0,2.0,4.0,3
5.0,5.0,2.0,5.0,2
5.0,5.0,2.0,6.0,1
5.0,5.0,2.0,7.0,2
5.0,5.0,2.0,8.0,1
5.0,5.0,2.0,10.0,3
5.0,5.0,2.0,12.0,1
5.0,5.0,2.0,14.0,2
5.0,5.0,2.0,21.0,1
5.0,5.0,2.0,27.0,1
5.0,5.0,2.0,34.0,1
5.0,5.0,3.0,-8.0,2
5.0,5.0,3.0,-7.0,1
5.0,5.0,3.0,-6.0,2
5.0,5.0,3.0,-5.0,4
5.0,5.0,3.0,-4.0,7
5.0,5.0,3.0,-3.0,10
5.0,5.0,3.0,-2.0,11
5.0,5.0,3.0,-1.0,12
5.0,5.0,3.0,0.0,18
5.0,5.0,3.0,1.0,18
5.0,5.0,3.0,2.0,20
5.0,5.0,3.0,3.0,34
5.0,5.0,3.0,4.0,15
5.0,5.0,3.0,5.0,17
5.0,5.0,3.0,6.0,18
5.0,5.0,3.0,7.0,9
5.0,5.0,3.0,8.0,12
5.0,5.0,3.0,9.0,3
5.0,5.0,3.0,10.0,3
5.0,5.0,3.0,11.0,2
5.0,5.0,3.0,12.0,2
5.0,5.0,3.0,13.0,1
5.0,5.0,3.0,14.0,1
5.0,5.0,3.0,15.0,3
5.0,5.0,3.0,17.0,1
5.0,5.0,3.0,20.0,1
5.0,5.0,3.0,21.0,2
5.0,5.0,3.0,22.0,1
5.0,5.0,3.0,25.0,1
5.0,5.0,3.0,26.0,1
5.0,5.0,3.0,27.0,2
5.0,5.0,4.0,-15.0,1
5.0,5.0,4.0,-14.0,1
5.0,5.0,4.0,-12.0,1
5.0,5.0,4.0,-10.0,2
5.0,5.0,4.0,9.0,1
5.0,5.0,4.0,22.0,1
5.0,5.0,4.0,24.0,1
5.0,5.0,4.0,32.0,1
5.0,6.0,0.0,-17.0,1
5.0,6.0,0.0,-16.0,3
5.0,6.0,0.0,-14.0,4
5.0,6.0,0.0,-13.0,10
5.0,6.0,0.0,-12.0,8
5.0,6.0,0.0,-11.0,11
5.0,6.0,0.0,-10.0,12
5.0,6.0,0.0,-9.0,8
5.0,6.0,0.0,-8.0,5
5.0,6.0,0.0,-7.0,5
5.0,6.0,0.0,-6.0,1
5.0,6.0,0.0,-5.0,3
5.0,6.0,0.0,-4.0,2
5.0,6.0,0.0,-2.0,1
5.0,6.0,0.0,-1.0,1
5.0,6.0,1.0,-14.0,1
5.0,6.0,1.0,-12.0,2
5.0,6.0,1.0,-11.0,4
5.0,6.0,1.0,-10.0,15
5.0,6.0,1.0,-9.0,11
5.0,6.0,1.0,-8.0,13
5.0,6.0,1.0,-7.0,11
5.0,6.0,1.0,-6.0,23
5.0,6.0,1.0,-5.0,22
5.0,6.0,1.0,-4.0,14
5.0,6.0,1.0,-3.0,8
5.0,6.0,1.0,-2.0,8
5.0,6.0,1.0,-1.0,10
5.0,6.0,1.0,0.0,3
5.0,6.0,1.0,1.0,2
5.0,6.0,1.0,2.0,6
5.0,6.0,1.0,4.0,1
5.0,6.0,1.0,5.0,2
5.0,6.0,1.0,7.0,1
5.0,6.0,1.0,42.0,1
5.0,6.0,2.0,-9.0,2
5.0,6.0,2.0,-8.0,3
5.0,6.0,2.0,-7.0,6
5.0,6.0,2.0,-6.0,11
5.0,6.0,2.0,-5.0,25
5.0,6.0,2.0,-4.0,29
5.0,6.0,2.0,-3.0,31
5.0,6.0,2.0,-2.0,31
5.0,6.0,2.0,-1.0,29
5.0,6.0,2.0,0.0,28
5.0,6.0,2.0,1.0,25
5.0,6.0,2.0,2.0,12
5.0,6.0,2.0,3.0,16
5.0,6.0,2.0,4.0,9
5.0,6.0,2.0,5.0,10
5.0,6.0,2.0,6.0,6
5.0,6.0,2.0,7.0,4
5.0,6.0,2.0,8.0,3
5.0,6.0,2.0,9.0,3
5.0,6.0,2.0,10.0,1
5.0,6.0,2.0,11.0,2
5.0,6.0,2.0,16.0,1
5.0,6.0,3.0,-5.0,3
5.0,6.0,3.0,-4.0,3
5.0,6.0,3.0,-3.0,5
5.0,6.0,3.0,-2.0,11
5.0,6.0,3.0,-1.0,28
5.0,6.0,3.0,0.0,41
5.0,6.0,3.0,1.0,51
5.0,6.0,3.0,2.0,76
5.0,6.0,3.0,3.0,84
5.0,6.0,3.0,4.0,87
5.0,6.0,3.0,5.0,99
5.0,6.0,3.0,6.0,74
5.0,6.0,3.0,7.0,63
5.0,6.0,3.0,8.0,47
5.0,6.0,3.0,9.0,33
5.0,6.0,3.0,10.0,26
5.0,6.0,3.0,11.0,8
5.0,6.0,3.0,12.0,8
5.0,6.0,3.0,13.0,1
5.0,6.0,3.0,14.0,2
5.0,6.0,3.0,15.0,1
5.0,6.0,3.0,16.0,1
5.0,6.0,3.0,21.0,1
5.0,6.0,3.0,23.0,2
5.0,6.0,4.0,-17.0,1
5.0,6.0,4.0,-16.0,1
5.0,6.0,4.0,-15.0,2
5.0,6.0,4.0,-14.0,4
5.0,6.0,4.0,-13.0,5
5.0,6.0,4.0,-11.0,4
5.0,6.0,4.0,-10.0,1
5.0,6.0,4.0,-9.0,1
5.0,6.0,4.0,-8.0,1
5.0,6.0,4.0,-7.0,1
5.0,6.0,4.0,1.0,1
5.0,7.0,0.0,-14.0,1
5.0,7.0,0.0,-13.0,3
5.0,7.0,0.0,-12.0,7
5.0,7.0,0.0,-11.0,8
5.0,7.0,0.0,-10.0,17
5.0,7.0,0.0,-9.0,25
5.0,7.0,0.0,-8.0,28
5.0,7.0,0.0,-7.0,33
5.0,7.0,0.0,-6.0,26
5.0,7.0,0.0,-5.0,24
5.0,7.0,0.0,-4.0,13
5.0,7.0,0.0,-3.0,9
5.0,7.0,0.0,-2.0,10
5.0,7.0,0.0,-1.0,12
5.0,7.0,0.0,0.0,3
5.0,7.0,0.0,1.0,2
5.0,7.0,0.0,2.0,1
5.0,7.0,0.0,4.0,5
5.0,7.0,0.0,5.0,3
5.0,7.0,0.0,8.0,1
5.0,7.0,0.0,20.0,1
5.0,7.0,1.0,-12.0,2
5.0,7.0,1.0,-11.0,2
5.0,7.0,1.0,-10.0,1
5.0,7.0,1.0,-9.0,13
5.0,7.0,1.0,-8.0,17
5.0,7.0,1.0,-7.0,26
5.0,7.0,1.0,-6.0,34
5.0,7.0,1.0,-5.0,46
5.0,7.0,1.0,-4.0,51
5.0,7.0,1.0,-3.0,56
5.0,7.0,1.0,-2.0,38
5.0,7.0,1.0,-1.0,42
5.0,7.0,1.0,0.0,27
5.0,7.0,1.0,1.0,31
5.0,7.0,1.0,2.0,24
5.0,7.0,1.0,3.0,15
5.0,7.0,1.0,4.0,20
5.0,7.0,1.0,5.0,12
5.0,7.0,1.0,6.0,18
5.0,7.0,1.0,7.0,4
5.0,7.0,1.0,8.0,6
5.0,7.0,1.0,9.0,6
5.0,7.0,1.0,10.0,4
5.0,7.0,1.0,11.0,1
5.0,7.0,1.0,12.0,1
5.0,7.0,1.0,13.0,1
5.0,7.0,1.0,14.0,1
5.0,7.0,1.0,19.0,1
5.0,7.0,2.0,-10.0,1
5.0,7.0,2.0,-8.0,2
5.0,7.0,2.0,-7.0,3
5.0,7.0,2.0,-6.0,4
5.0,7.0,2.0,-5.0,13
5.0,7.0,2.0,-4.0,28
5.0,7.0,2.0,-3.0,37
5.0,7.0,2.0,-2.0,72
5.0,7.0,2.0,-1.0,91
5.0,7.0,2.0,0.0,99
5.0,7.0,2.0,1.0,118
5.0,7.0,2.0,2.0,98
5.0,7.0,2.0,3.0,86
5.0,7.0,2.0,4.0,71
5.0,7.0,2.0,5.0,69
5.0,7.0,2.0,6.0,50
5.0,7.0,2.0,7.0,47
5.0,7.0,2.0,8.0,37
5.0,7.0,2.0,9.0,37
5.0,7.0,2.0,10.0,18
5.0,7.0,2.0,11.0,11
5.0,7.0,2.0,12.0,7
5.0,7.0,2.0,13.0,3
5.0,7.0,2.0,14.0,5
5.0,7.0,2.0,15.0,1
5.0,7.0,2.0,17.0,1
5.0,7.0,2.0,18.0,3
5.0,7.0,2.0,22.0,1
5.0,7.0,2.0,23.0,1
5.0,7.0,3.0,-3.0,3
5.0,7.0,3.0,-2.0,8
5.0,7.0,3.0,-1.0,15
5.0,7.0,3.0,0.0,38
5.0,7.0,3.0,1.0,63
5.0,7.0,3.0,2.0,89
5.0,7.0,3.0,3.0,137
5.0,7.0,3.0,4.0,183
5.0,7.0,3.0,5.0,205
5.0,7.0,3.0,6.0,270
5.0,7.0,3.0,7.0,297
5.0,7.0,3.0,8.0,267
5.0,7.0,3.0,9.0,293
5.0,7.0,3.0,10.0,213
5.0,7.0,3.0,11.0,198
5.0,7.0,3.0,12.0,150
5.0,7.0,3.0,13.0,101
5.0,7.0,3.0,14.0,60
5.0,7.0,3.0,15.0,38
5.0,7.0,3.0,16.0,9
5.0,7.0,3.0,17.0,6
5.0,7.0,3.0,18.0,5
5.0,7.0,3.0,19.0,1
5.0,7.0,3.0,20.0,2
5.0,7.0,3.0,21.0,1
5.0,7.0,3.0,23.0,2
5.0,7.0,3.0,24.0,3
5.0,7.0,3.0,25.0,3
5.0,7.0,3.0,26.0,1
5.0,7.0,3.0,27.0,1
5.0,7.0,3.0,28.0,2
5.0,7.0,3.0,30.0,1
5.0,7.0,3.0,31.0,1
5.0,7.0,3.0,32.0,4
5.0,7.0,3.0,36.0,1
5.0,7.0,3.0,40.0,1
5.0,7.0,3.0,43.0,1
5.0,7.0,4.0,-14.0,5
5.0,7.0,4.0,-13.0,8
5.0,7.0,4.0,-12.0,5
5.0,7.0,4.0,-11.0,8
5.0,7.0,4.0,-10.0,14
5.0,7.0,4.0,-9.0,10
5.0,7.0,4.0,-8.0,11
5.0,7.0,4.0,-7.0,4
5.0,7.0,4.0,-6.0,5
5.0,7.0,4.0,-4.0,2
5.0,7.0,4.0,-1.0,1
5.0,7.0,4.0,1.0,1
5.0,7.0,4.0,2.0,2
5.0,7.0,4.0,4.0,2
5.0,7.0,4.0,9.0,1
5.0,7.0,4.0,11.0,2
5.0,7.0,4.0,13.0,1
5.0,7.0,4.0,14.0,1
5.0,7.0,4.0,24.0,1
5.0,8.0,0.0,-12.0,2
5.0,8.0,0.0,-11.0,1
5.0,8.0,0.0,-10.0,4
5.0,8.0,0.0,-9.0,9
5.0,8.0,0.0,-8.0,11
5.0,8.0,0.0,-7.0,23
5.0,8.0,0.0,-6.0,38
5.0,8.0,0.0,-5.0,29
5.0,8.0,0.0,-4.0,47
5.0,8.0,0.0,-3.0,44
5.0,8.0,0.0,-2.0,40
5.0,8.0,0.0,-1.0,34
5.0,8.0,0.0,0.0,30
5.0,8.0,0.0,1.0,22
5.0,8.0,0.0,2.0,16
5.0,8.0,0.0,3.0,21
5.0,8.0,0.0,4.0,11
5.0,8.0,0.0,5.0,17
5.0,8.0,0.0,6.0,4
5.0,8.0,0.0,7.0,7
5.0,8.0,0.0,8.0,6
5.0,8.0,0.0,9.0,2
5.0,8.0,0.0,10.0,1
5.0,8.0,0.0,13.0,1
5.0,8.0,0.0,21.0,1
5.0,8.0,0.0,24.0,1
5.0,8.0,1.0,-10.0,1
5.0,8.0,1.0,-7.0,7
5.0,8.0,1.0,-6.0,8
5.0,8.0,1.0,-5.0,21
5.0,8.0,1.0,-4.0,20
5.0,8.0,1.0,-3.0,55
5.0,8.0,1.0,-2.0,63
5.0,8.0,1.0,-1.0,75
5.0,8.0,1.0,0.0,88
5.0,8.0,1.0,1.0,99
5.0,8.0,1.0,2.0,91
5.0,8.0,1.0,3.0,80
5.0,8.0,1.0,4.0,82
5.0,8.0,1.0,5.0,55
5.0,8.0,1.0,6.0,47
5.0,8.0,1.0,7.0,37
5.0,8.0,1.0,8.0,35
5.0,8.0,1.0,9.0,27
5.0,8.0,1.0,10.0,29
5.0,8.0,1.0,11.0,10
5.0,8.0,1.0,12.0,10
5.0,8.0,1.0,13.0,10
5.0,8.0,1.0,14.0,9
5.0,8.0,1.0,15.0,4
5.0,8.0,1.0,16.0,2
5.0,8.0,1.0,17.0,1
5.0,8.0,1.0,19.0,2
5.0,8.0,1.0,26.0,1
5.0,8.0,1.0,28.0,1
5.0,8.0,2.0,-6.0,1
5.0,8.0,2.0,-4.0,4
5.0,8.0,2.0,-3.0,2
5.0,8.0,2.0,-2.0,11
5.0,8.0,2.0,-1.0,23
5.0,8.0,2.0,0.0,64
5.0,8.0,2.0,1.0,84
5.0,8.0,2.0,2.0,130
5.0,8.0,2.0,3.0,179
5.0,8.0,2.0,4.0,193
5.0,8.0,2.0,5.0,183
5.0,8.0,2.0,6.0,170
5.0,8.0,2.0,7.0,157
5.0,8.0,2.0,8.0,151
5.0,8.0,2.0,9.0,131
5.0,8.0,2.0,10.0,111
5.0,8.0,2.0,11.0,104
5.0,8.0,2.0,12.0,81
5.0,8.0,2.0,13.0,60
5.0,8.0,2.0,14.0,52
5.0,8.0,2.0,15.0,47
5.0,8.0,2.0,16.0,22
5.0,8.0,2.0,17.0,15
5.0,8.0,2.0,18.0,9
5.0,8.0,2.0,19.0,12
5.0,8.0,2.0,20.0,4
5.0,8.0,2.0,22.0,2
5.0,8.0,2.0,24.0,1
5.0,8.0,2.0,28.0,1
5.0,8.0,2.0,32.0,1
5.0,8.0,3.0,-2.0,1
5.0,8.0,3.0,-1.0,1
5.0,8.0,3.0,0.0,6
5.0,8.0,3.0,1.0,10
5.0,8.0,3.0,2.0,24
5.0,8.0,3.0,3.0,44
5.0,8.0,3.0,4.0,82
5.0,8.0,3.0,5.0,117
5.0,8.0,3.0,6.0,221
5.0,8.0,3.0,7.0,267
5.0,8.0,3.0,8.0,335
5.0,8.0,3.0,9.0,411
5.0,8.0,3.0,10.0,446
5.0,8.0,3.0,11.0,486
5.0,8.0,3.0,12.0,483
5.0,8.0,3.0,13.0,437
5.0,8.0,3.0,14.0,423
5.0,8.0,3.0,15.0,414
5.0,8.0,3.0,16.0,296
5.0,8.0,3.0,17.0,231
5.0,8.0,3.0,18.0,155
5.0,8.0,3.0,19.0,82
5.0,8.0,3.0,20.0,64
5.0,8.0,3.0,21.0,43
5.0,8.0,3.0,22.0,10
5.0,8.0,3.0,23.0,15
5.0,8.0,3.0,24.0,6
5.0,8.0,3.0,25.0,6
5.0,8.0,3.0,26.0,4
5.0,8.0,3.0,27.0,6
5.0,8.0,3.0,28.0,2
5.0,8.0,3.0,29.0,3
5.0,8.0,3.0,30.0,2
5.0,8.0,3.0,31.0,1
5.0,8.0,3.0,32.0,2
5.0,8.0,3.0,38.0,1
5.0,8.0,4.0,-14.0,1
5.0,8.0,4.0,-13.0,1
5.0,8.0,4.0,-12.0,2
5.0,8.0,4.0,-11.0,7
5.0,8.0,4.0,-10.0,11
5.0,8.0,4.0,-9.0,23
5.0,8.0,4.0,-8.0,21
5.0,8.0,4.0,-7.0,31
5.0,8.0,4.0,-6.0,39
5.0,8.0,4.0,-5.0,32
5.0,8.0,4.0,-4.0,43
5.0,8.0,4.0,-3.0,27
5.0,8.0,4.0,-2.0,33
5.0,8.0,4.0,-1.0,45
5.0,8.0,4.0,0.0,44
5.0,8.0,4.0,1.0,56
5.0,8.0,4.0,2.0,70
5.0,8.0,4.0,3.0,64
5.0,8.0,4.0,4.0,79
5.0,8.0,4.0,5.0,76
5.0,8.0,4.0,6.0,96
5.0,8.0,4.0,7.0,113
5.0,8.0,4.0,8.0,121
5.0,8.0,4.0,9.0,125
5.0,8.0,4.0,10.0,147
5.0,8.0,4.0,11.0,139
5.0,8.0,4.0,12.0,127
5.0,8.0,4.0,13.0,145
5.0,8.0,4.0,14.0,135
5.0,8.0,4.0,15.0,81
5.0,8.0,4.0,16.0,96
5.0,8.0,4.0,17.0,85
5.0,8.0,4.0,18.0,57
5.0,8.0,4.0,19.0,41
5.0,8.0,4.0,20.0,23
5.0,8.0,4.0,21.0,17
5.0,8.0,4.0,22.0,9
5.0,8.0,4.0,23.0,3
5.0,8.0,4.0,24.0,3
5.0,8.0,4.0,25.0,3
5.0,8.0,4.0,26.0,3
5.0,8.0,4.0,27.0,2
5.0,8.0,4.0,28.0,7
5.0,8.0,4.0,29.0,1
5.0,8.0,4.0,30.0,1
5.0,8.0,4.0,31.0,3
5.0,8.0,4.0,32.0,1
5.0,8.0,4.0,34.0,1
5.0,8.0,4.0,37.0,1
5.0,8.0,4.0,38.0,1
5.0,8.0,4.0,41.0,1
6.0,5.0,0.0,-7.0,1
6.0,5.0,0.0,-3.0,1
6.0,5.0,0.0,0.0,1
6.0,5.0,0.0,3.0,1
6.0,5.0,0.0,6.0,1
6.0,5.0,0.0,13.0,2
6.0,5.0,0.0,17.0,1
6.0,5.0,1.0,-7.0,1
6.0,5.0,1.0,-5.0,1
6.0,5.0,1.0,-4.0,1
6.0,5.0,1.0,-3.0,1
6.0,5.0,1.0,0.0,2
6.0,5.0,1.0,1.0,4
6.0,5.0,1.0,2.0,1
6.0,5.0,1.0,3.0,2
6.0,5.0,1.0,4.0,1
6.0,5.0,1.0,5.0,1
6.0,5.0,1.0,7.0,2
6.0,5.0,1.0,8.0,1
6.0,5.0,1.0,10.0,2
6.0,5.0,1.0,11.0,1
6.0,5.0,1.0,22.0,1
6.0,5.0,1.0,25.0,1
6.0,5.0,2.0,-3.0,1
6.0,5.0,2.0,-2.0,2
6.0,5.0,2.0,1.0,4
6.0,5.0,2.0,2.0,1
6.0,5.0,2.0,3.0,1
6.0,5.0,2.0,4.0,3
6.0,5.0,2.0,5.0,3
6.0,5.0,2.0,6.0,2
6.0,5.0,2.0,7.0,2
6.0,5.0,2.0,8.0,2
6.0,5.0,2.0,9.0,2
6.0,5.0,2.0,12.0,1
6.0,5.0,2.0,15.0,1
6.0,5.0,2.0,16.0,1
6.0,5.0,2.0,18.0,2
6.0,5.0,2.0,20.0,1
6.0,5.0,2.0,34.0,1
6.0,5.0,3.0,1.0,3
6.0,5.0,3.0,3.0,3
6.0,5.0,3.0,4.0,1
6.0,5.0,3.0,5.0,3
6.0,5.0,3.0,6.0,2
6.0,5.0,3.0,7.0,1
6.0,5.0,3.0,8.0,2
6.0,5.0,3.0,10.0,2
6.0,5.0,3.0,13.0,2
6.0,5.0,3.0,14.0,1
6.0,5.0,3.0,15.0,2
6.0,5.0,3.0,16.0,2
6.0,5.0,3.0,17.0,1
6.0,5.0,3.0,28.0,1
6.0,5.0,4.0,-12.0,1
6.0,5.0,4.0,18.0,1
6.0,6.0,0.0,-7.0,2
6.0,6.0,0.0,-5.0,3
6.0,6.0,0.0,-4.0,3
6.0,6.0,0.0,-3.0,1
6.0,6.0,0.0,-2.0,3
6.0,6.0,0.0,-1.0,2
6.0,6.0,0.0,0.0,3
6.0,6.0,0.0,1.0,3
6.0,6.0,0.0,2.0,2
6.0,6.0,0.0,3.0,2
6.0,6.0,0.0,6.0,1
6.0,6.0,0.0,24.0,1
6.0,6.0,1.0,-6.0,1
6.0,6.0,1.0,-5.0,1
6.0,6.0,1.0,-4.0,2
6.0,6.0,1.0,-3.0,2
6.0,6.0,1.0,-2.0,2
6.0,6.0,1.0,-1.0,2
6.0,6.0,1.0,0.0,2
6.0,6.0,1.0,1.0,2
6.0,6.0,1.0,2.0,6
6.0,6.0,1.0,3.0,7
6.0,6.0,1.0,4.0,7
6.0,6.0,1.0,5.0,6
6.0,6.0,1.0,6.0,2
6.0,6.0,1.0,7.0,5
6.0,6.0,1.0,8.0,2
6.0,6.0,1.0,10.0,1
6.0,6.0,1.0,12.0,2
6.0,6.0,1.0,13.0,1
6.0,6.0,1.0,17.0,2
6.0,6.0,1.0,18.0,1
6.0,6.0,1.0,19.0,2
6.0,6.0,1.0,23.0,1
6.0,6.0,2.0,-2.0,1
6.0,6.0,2.0,1.0,4
6.0,6.0,2.0,2.0,4
6.0,6.0,2.0,3.0,7
6.0,6.0,2.0,4.0,13
6.0,6.0,2.0,5.0,3
6.0,6.0,2.0,6.0,5
6.0,6.0,2.0,7.0,8
6.0,6.0,2.0,8.0,4
6.0,6.0,2.0,9.0,4
6.0,6.0,2.0,10.0,2
6.0,6.0,2.0,11.0,2
6.0,6.0,2.0,16.0,1
6.0,6.0,2.0,21.0,1
6.0,6.0,2.0,24.0,1
6.0,6.0,2.0,29.0,1
6.0,6.0,2.0,35.0,1
6.0,6.0,3.0,0.0,1
6.0,6.0,3.0,1.0,2
6.0,6.0,3.0,2.0,7
6.0,6.0,3.0,3.0,8
6.0,6.0,3.0,4.0,6
6.0,6.0,3.0,5.0,13
6.0,6.0,3.0,6.0,14
6.0,6.0,3.0,7.0,15
6.0,6.0,3.0,8.0,5
6.0,6.0,3.0,9.0,7
6.0,6.0,3.0,10.0,2
6.0,6.0,3.0,11.0,5
6.0,6.0,3.0,12.0,2
6.0,6.0,3.0,13.0,1
6.0,6.0,3.0,14.0,1
6.0,6.0,3.0,18.0,1
6.0,6.0,3.0,22.0,1
6.0,6.0,4.0,-11.0,1
6.0,6.0,4.0,-10.0,1
6.0,6.0,4.0,-9.0,1
6.0,6.0,4.0,-6.0,1
6.0,6.0,4.0,-5.0,1
6.0,6.0,4.0,-3.0,1
6.0,6.0,4.0,0.0,1
6.0,6.0,4.0,5.0,1
6.0,6.0,4.0,10.0,1
6.0,6.0,4.0,19.0,1
6.0,7.0,0.0,-7.0,1
6.0,7.0,0.0,-6.0,1
6.0,7.0,0.0,-4.0,1
6.0,7.0,0.0,-2.0,2
6.0,7.0,0.0,-1.0,1
6.0,7.0,0.0,0.0,6
6.0,7.0,0.0,1.0,4
6.0,7.0,0.0,2.0,5
6.0,7.0,0.0,3.0,3
6.0,7.0,0.0,4.0,1
6.0,7.0,0.0,5.0,5
6.0,7.0,0.0,6.0,2
6.0,7.0,0.0,7.0,4
6.0,7.0,0.0,8.0,3
6.0,7.0,0.0,9.0,2
6.0,7.0,0.0,12.0,1
6.0,7.0,0.0,15.0,1
6.0,7.0,0.0,20.0,1
6.0,7.0,0.0,21.0,1
6.0,7.0,0.0,23.0,2
6.0,7.0,0.0,28.0,1
6.0,7.0,1.0,-3.0,1
6.0,7.0,1.0,-2.0,1
6.0,7.0,1.0,0.0,4
6.0,7.0,1.0,1.0,4
6.0,7.0,1.0,2.0,6
6.0,7.0,1.0,3.0,9
6.0,7.0,1.0,4.0,9
6.0,7.0,1.0,5.0,14
6.0,7.0,1.0,6.0,21
6.0,7.0,1.0,7.0,14
6.0,7.0,1.0,8.0,14
6.0,7.0,1.0,9.0,15
6.0,7.0,1.0,10.0,4
6.0,7.0,1.0,11.0,6
6.0,7.0,1.0,12.0,3
6.0,7.0,1.0,13.0,3
6.0,7.0,1.0,14.0,4
6.0,7.0,1.0,17.0,1
6.0,7.0,1.0,19.0,1
6.0,7.0,1.0,20.0,1
6.0,7.0,1.0,21.0,1
6.0,7.0,1.0,22.0,1
6.0,7.0,1.0,23.0,3
6.0,7.0,1.0,27.0,1
6.0,7.0,1.0,29.0,2
6.0,7.0,1.0,33.0,1
6.0,7.0,1.0,34.0,1
6.0,7.0,1.0,35.0,1
6.0,7.0,1.0,40.0,1
6.0,7.0,2.0,1.0,1
6.0,7.0,2.0,2.0,1
6.0,7.0,2.0,3.0,2
6.0,7.0,2.0,4.0,4
6.0,7.0,2.0,5.0,14
6.0,7.0,2.0,6.0,9
6.0,7.0,2.0,7.0,17
6.0,7.0,2.0,8.0,29
6.0,7.0,2.0,9.0,29
6.0,7.0,2.0,10.0,15
6.0,7.0,2.0,11.0,14
6.0,7.0,2.0,12.0,3
6.0,7.0,2.0,13.0,8
6.0,7.0,2.0,14.0,3
6.0,7.0,2.0,15.0,3
6.0,7.0,2.0,17.0,1
6.0,7.0,2.0,18.0,2
6.0,7.0,2.0,22.0,2
6.0,7.0,2.0,23.0,2
6.0,7.0,2.0,25.0,1
6.0,7.0,2.0,26.0,1
6.0,7.0,2.0,27.0,1
6.0,7.0,2.0,29.0,1
6.0,7.0,2.0,33.0,2
6.0,7.0,3.0,1.0,1
6.0,7.0,3.0,2.0,1
6.0,7.0,3.0,3.0,3
6.0,7.0,3.0,4.0,2
6.0,7.0,3.0,5.0,10
6.0,7.0,3.0,6.0,6
6.0,7.0,3.0,7.0,16
6.0,7.0,3.0,8.0,22
6.0,7.0,3.0,9.0,25
6.0,7.0,3.0,10.0,19
6.0,7.0,3.0,11.0,23
6.0,7.0,3.0,12.0,12
6.0,7.0,3.0,13.0,9
6.0,7.0,3.0,14.0,8
6.0,7.0,3.0,15.0,1
6.0,7.0,3.0,16.0,3
6.0,7.0,3.0,17.0,1
6.0,7.0,3.0,18.0,1
6.0,7.0,3.0,19.0,1
6.0,7.0,3.0,20.0,1
6.0,7.0,4.0,-8.0,3
6.0,7.0,4.0,-6.0,1
6.0,7.0,4.0,-5.0,3
6.0,7.0,4.0,-3.0,2
6.0,7.0,4.0,-2.0,1
6.0,7.0,4.0,-1.0,2
6.0,7.0,4.0,2.0,1
6.0,7.0,4.0,3.0,1
6.0,7.0,4.0,7.0,1
6.0,7.0,4.0,13.0,1
6.0,7.0,4.0,19.0,1
6.0,7.0,4.0,21.0,1
6.0,7.0,4.0,23.0,1
6.0,7.0,4.0,30.0,1
6.0,8.0,0.0,-3.0,2
6.0,8.0,0.0,-2.0,4
6.0,8.0,0.0,-1.0,2
6.0,8.0,0.0,0.0,2
6.0,8.0,0.0,1.0,2
6.0,8.0,0.0,2.0,5
6.0,8.0,0.0,3.0,11
6.0,8.0,0.0,4.0,5
6.0,8.0,0.0,5.0,2
6.0,8.0,0.0,6.0,8
6.0,8.0,0.0,7.0,5
6.0,8.0,0.0,8.0,7
6.0,8.0,0.0,9.0,5
6.0,8.0,0.0,10.0,4
6.0,8.0,0.0,11.0,4
6.0,8.0,0.0,12.0,3
6.0,8.0,0.0,13.0,3
6.0,8.0,0.0,14.0,5
6.0,8.0,0.0,15.0,1
6.0,8.0,0.0,16.0,2
6.0,8.0,0.0,17.0,1
6.0,8.0,0.0,18.0,1
6.0,8.0,0.0,26.0,1
6.0,8.0,0.0,28.0,1
6.0,8.0,0.0,31.0,1
6.0,8.0,1.0,2.0,2
6.0,8.0,1.0,3.0,1
6.0,8.0,1.0,4.0,1
6.0,8.0,1.0,5.0,3
6.0,8.0,1.0,6.0,6
6.0,8.0,1.0,7.0,14
6.0,8.0,1.0,8.0,14
6.0,8.0,1.0,9.0,16
6.0,8.0,1.0,10.0,24
6.0,8.0,1.0,11.0,20
6.0,8.0,1.0,12.0,16
6.0,8.0,1.0,13.0,13
6.0,8.0,1.0,14.0,15
6.0,8.0,1.0,15.0,13
6.0,8.0,1.0,16.0,6
6.0,8.0,1.0,17.0,4
6.0,8.0,1.0,18.0,6
6.0,8.0,1.0,19.0,2
6.0,8.0,1.0,20.0,1
6.0,8.0,1.0,21.0,3
6.0,8.0,1.0,22.0,3
6.0,8.0,1.0,23.0,1
6.0,8.0,1.0,24.0,3
6.0,8.0,1.0,26.0,1
6.0,8.0,1.0,28.0,1
6.0,8.0,1.0,30.0,2
6.0,8.0,1.0,32.0,1
6.0,8.0,1.0,33.0,1
6.0,8.0,1.0,35.0,1
6.0,8.0,2.0,4.0,1
6.0,8.0,2.0,6.0,1
6.0,8.0,2.0,7.0,2
6.0,8.0,2.0,8.0,19
6.0,8.0,2.0,9.0,12
6.0,8.0,2.0,10.0,22
6.0,8.0,2.0,11.0,23
6.0,8.0,2.0,12.0,33
6.0,8.0,2.0,13.0,38
6.0,8.0,2.0,14.0,38
6.0,8.0,2.0,15.0,24
6.0,8.0,2.0,16.0,27
6.0,8.0,2.0,17.0,11
6.0,8.0,2.0,18.0,13
6.0,8.0,2.0,19.0,13
6.0,8.0,2.0,20.0,8
6.0,8.0,2.0,21.0,1
6.0,8.0,2.0,22.0,6
6.0,8.0,2.0,23.0,3
6.0,8.0,2.0,24.0,2
6.0,8.0,2.0,26.0,1
6.0,8.0,2.0,28.0,1
6.0,8.0,2.0,39.0,1
6.0,8.0,3.0,1.0,1
6.0,8.0,3.0,4.0,1
6.0,8.0,3.0,8.0,8
6.0,8.0,3.0,9.0,14
6.0,8.0,3.0,10.0,15
6.0,8.0,3.0,11.0,15
6.0,8.0,3.0,12.0,24
6.0,8.0,3.0,13.0,23
6.0,8.0,3.0,14.0,27
6.0,8.0,3.0,15.0,22
6.0,8.0,3.0,16.0,20
6.0,8.0,3.0,17.0,18
6.0,8.0,3.0,18.0,20
6.0,8.0,3.0,19.0,4
6.0,8.0,3.0,20.0,3
6.0,8.0,3.0,21.0,2
6.0,8.0,3.0,22.0,4
6.0,8.0,3.0,23.0,2
6.0,8.0,3.0,32.0,1
6.0,8.0,4.0,-5.0,2
6.0,8.0,4.0,-4.0,2
6.0,8.0,4.0,-3.0,2
6.0,8.0,4.0,-2.0,3
6.0,8.0,4.0,-1.0,2
6.0,8.0,4.0,0.0,2
6.0,8.0,4.0,1.0,4
6.0,8.0,4.0,2.0,4
6.0,8.0,4.0,3.0,5
6.0,8.0,4.0,4.0,5
6.0,8.0,4.0,5.0,3
6.0,8.0,4.0,6.0,3
6.0,8.0,4.0,7.0,10
6.0,8.0,4.0,8.0,5
6.0,8.0,4.0,9.0,11
6.0,8.0,4.0,10.0,16
6.0,8.0,4.0,11.0,16
6.0,8.0,4.0,12.0,14
6.0,8.0,4.0,13.0,13
6.0,8.0,4.0,14.0,27
6.0,8.0,4.0,15.0,12
6.0,8.0,4.0,16.0,15
6.0,8.0,4.0,17.0,14
6.0,8.0,4.0,18.0,8
6.0,8.0,4.0,19.0,5
6.0,8.0,4.0,20.0,8
6.0,8.0,4.0,21.0,3
6.0,8.0,4.0,22.0,4
6.0,8.0,4.0,23.0,4
6.0,8.0,4.0,24.0,2
6.0,8.0,4.0,25.0,3
6.0,8.0,4.0,27.0,1
6.0,8.0,4.0,29.0,1
6.0,8.0,4.0,34.0,1
