table_name,column_name,datatype,unit,indexed
gaiadr3.gaia_source,designation,char,,1
gaiadr3.gaia_source,source_id,long,,1
gaiadr3.gaia_source,random_index,long,,1
gaiadr3.gaia_source,ra,double,deg,1
gaiadr3.gaia_source,dec,double,deg,1
gaiadr3.gaia_source,parallax,double,mas,1
gaiadr3.gaia_source,parallax_error,float,mas,1
gaiadr3.gaia_source,parallax_over_error,float,,1
gaiadr3.gaia_source,pm,float,mas.yr**-1,1
gaiadr3.gaia_source,pmra,double,mas.yr**-1,1
gaiadr3.gaia_source,pmdec,double,mas.yr**-1,1
gaiadr3.gaia_source,astrometric_excess_noise,float,mas,1
gaiadr3.gaia_source,astrometric_params_solved,short,,1
gaiadr3.gaia_source,pseudocolour,float,um**-1,1
gaiadr3.gaia_source,visibility_periods_used,short,,1
gaiadr3.gaia_source,ipd_frac_multi_peak,short,,1
gaiadr3.gaia_source,ipd_frac_odd_win,short,,1
gaiadr3.gaia_source,ruwe,float,,1
gaiadr3.gaia_source,phot_g_n_obs,short,,1
gaiadr3.gaia_source,phot_g_mean_flux_over_error,float,,1
gaiadr3.gaia_source,phot_g_mean_mag,float,mag,1
gaiadr3.gaia_source,phot_bp_n_obs,short,,1
gaiadr3.gaia_source,phot_bp_mean_flux_over_error,float,,1
gaiadr3.gaia_source,phot_bp_mean_mag,float,mag,1
gaiadr3.gaia_source,phot_rp_n_obs,short,,1
gaiadr3.gaia_source,phot_rp_mean_flux_over_error,float,,1
gaiadr3.gaia_source,phot_rp_mean_mag,float,mag,1
gaiadr3.gaia_source,phot_bp_rp_excess_factor,float,,1
gaiadr3.gaia_source,phot_bp_n_contaminated_transits,short,,1
gaiadr3.gaia_source,phot_bp_n_blended_transits,short,,1
gaiadr3.gaia_source,phot_rp_n_contaminated_transits,short,,1
gaiadr3.gaia_source,phot_rp_n_blended_transits,short,,1
gaiadr3.gaia_source,bp_rp,float,mag,1
gaiadr3.gaia_source,bp_g,float,mag,1
gaiadr3.gaia_source,g_rp,float,mag,1
gaiadr3.gaia_source,radial_velocity,float,km.s**-1,1
gaiadr3.gaia_source,radial_velocity_error,float,km.s**-1,1
gaiadr3.gaia_source,rv_nb_transits,short,,1
gaiadr3.gaia_source,rv_expected_sig_to_noise,float,,1
gaiadr3.gaia_source,rv_renormalised_gof,float,,1
gaiadr3.gaia_source,rv_chisq_pvalue,float,,1
gaiadr3.gaia_source,rv_amplitude_robust,float,km.s**-1,1
gaiadr3.gaia_source,vbroad,float,km.s**-1,1
gaiadr3.gaia_source,grvs_mag,float,mag,1
gaiadr3.gaia_source,phot_variable_flag,char,,1
gaiadr3.gaia_source,l,double,deg,1
gaiadr3.gaia_source,b,double,deg,1
gaiadr3.gaia_source,ecl_lon,double,deg,1
gaiadr3.gaia_source,ecl_lat,double,deg,1
gaiadr3.gaia_source,in_qso_candidates,boolean,,1
gaiadr3.gaia_source,in_galaxy_candidates,boolean,,1
gaiadr3.gaia_source,non_single_star,short,,1
gaiadr3.gaia_source,has_xp_continuous,boolean,,1
gaiadr3.gaia_source,has_xp_sampled,boolean,,1
gaiadr3.gaia_source,has_rvs,boolean,,1
gaiadr3.gaia_source,has_epoch_photometry,boolean,,1
gaiadr3.gaia_source,has_epoch_rv,boolean,,1
gaiadr3.gaia_source,has_mcmc_gspphot,boolean,,1
gaiadr3.gaia_source,has_mcmc_msc,boolean,,1
gaiadr3.gaia_source,in_andromeda_survey,boolean,,1
gaiadr3.gaia_source,classprob_dsc_combmod_quasar,float,,1
gaiadr3.gaia_source,classprob_dsc_combmod_galaxy,float,,1
gaiadr3.gaia_source,classprob_dsc_combmod_star,float,,1
gaiadr3.gaia_source,teff_gspphot,float,K,1
gaiadr3.gaia_source,logg_gspphot,float,log(cm.s**-2),1
gaiadr3.gaia_source,mh_gspphot,float,'dex',1
gaiadr3.gaia_source,distance_gspphot,float,pc,1
gaiadr3.gaia_source,azero_gspphot,float,mag,1
gaiadr3.gaia_source,ag_gspphot,float,mag,1
gaiadr3.gaia_source,ebpminrp_gspphot,float,mag,1
gaiadr3.gaia_source,libname_gspphot,char,,1
